"","site_no","Mean","Median","StandardDeviation","IQR","TenthP","NinetiethP","Count","DIVISION","PROVINCE","SECTION","STANAME","DRAIN_SQKM","LAT_GAGE","LNG_GAGE","STATE","geometry","STAIDnum"
"1","01439500",1.95539157444607,1.28798905182988,2.27321854998769,1.81598456376014,0.223998095970414,4.2239640954421,10957,"APPALACHIAN HIGHLANDS","VALLEY AND RIDGE","MIDDLE","Bush Kill at Shoemakers, PA",305.8776,41.088151,-75.037675,"PA",c(-75.0376746898351, 41.0881507798347),"01439500"
"2","01440000",1.72836605401,1.13800110183377,2.27538411772899,1.53338353593242,0.248025881168898,3.54531112494366,10957,"APPALACHIAN HIGHLANDS","VALLEY AND RIDGE","MIDDLE","FLAT BROOK NEAR FLATBROOKVILLE NJ",167.7204,41.106667,-74.952222,"NJ",c(-74.9522221998945, 41.1066666696311),"01440000"
"3","01451800",1.72876148035008,0.900660165129619,2.81313303079122,1.47708267081257,0.198145236328516,3.83681230345218,10957,"APPALACHIAN HIGHLANDS","VALLEY AND RIDGE","MIDDLE","Jordan Creek near Schnecksville, PA",135.8448,40.661762,-75.626854,"PA",c(-75.6268539999121, 40.6617621896734),"01451800"
"4","01516500",0.98792837920896,0.388612556298795,2.43512933137043,0.893808879487228,0.0443018314180626,2.17623031527325,10957,"APPALACHIAN HIGHLANDS","APPALACHIAN PLATEAUS","ALLEGHENY MOUNTAIN","Corey Creek near Mainesburg, PA",31.4838,41.790907,-77.014688,"PA",c(-77.0146877301546, 41.7909074595117),"01516500"
"5","01539000",1.71690973866391,1.0181602625896,2.61375643991895,1.5411877947418,0.209211012860877,3.59145572077839,10957,"APPALACHIAN HIGHLANDS","VALLEY AND RIDGE","MIDDLE","Fishing Creek near Bloomsburg, PA",701.7795,41.078141,-76.431056,"PA",c(-76.4310555104034, 41.0781411797717),"01539000"
"6","01542810",1.58829637202763,0.682506128800223,3.04114010093983,1.41889432040046,0.0808230942000264,3.61009820760118,10957,"APPALACHIAN HIGHLANDS","APPALACHIAN PLATEAUS","KANAWHA","Waldy Run near Emporium, PA",13.6242,41.578952,-78.292512,"PA",c(-78.292512140223, 41.5789522494468),"01542810"
"7","01543000",1.62617478617529,0.818560068399969,2.62328210355258,1.58439931883519,0.107522720849148,3.7806376040507,10957,"APPALACHIAN HIGHLANDS","APPALACHIAN PLATEAUS","KANAWHA","Driftwood Br Sinnemahoning Cr at Sterling Run, PA",705.4974,41.413396,-78.196952,"PA",c(-78.1969523802481, 41.4133959298783),"01543000"
"8","01543500",1.61823117794007,0.890314566277784,2.36933923701879,1.59898844824542,0.114213460588958,3.70161697571444,10957,"APPALACHIAN HIGHLANDS","APPALACHIAN PLATEAUS","ALLEGHENY MOUNTAIN","Sinnemahoning Creek at Sinnemahoning, PA",1778.258,41.317285,-78.10306,"PA",c(-78.1030595694435, 41.3172846696518),"01543500"
"9","01544500",1.5952843206513,0.861463441561587,2.48442110638779,1.5092839496159,0.124050735584869,3.5905796244287,10957,"APPALACHIAN HIGHLANDS","APPALACHIAN PLATEAUS","ALLEGHENY MOUNTAIN","Kettle Creek at Cross Fork, PA",355.0644,41.475899,-77.825825,"PA",c(-77.8258251297259, 41.4758993993378),"01544500"
"10","01545600",1.46897811825249,0.856467843080064,2.15239897892049,1.44783849663535,0.118274130711056,3.30351882330882,10957,"APPALACHIAN HIGHLANDS","APPALACHIAN PLATEAUS","ALLEGHENY MOUNTAIN","Young Womans Creek near Renovo, PA",119.9975,41.389512,-77.690819,"PA",c(-77.6908190993219, 41.38951168012),"01545600"
"11","01547700",1.31398683506907,0.581907826941674,2.58063722075202,1.27157636257625,0.0711220677373158,2.97419555992411,10957,"APPALACHIAN HIGHLANDS","VALLEY AND RIDGE","MIDDLE","Marsh Creek at Blanchard, PA",113.5386,41.059509,-77.605826,"PA",c(-77.6058264102606, 41.0595091596201),"01547700"
"12","01548500",1.38421542707899,0.730777555205463,2.09516385095216,1.32011429327438,0.125725170788037,3.17456056239792,10957,"APPALACHIAN HIGHLANDS","APPALACHIAN PLATEAUS","ALLEGHENY MOUNTAIN","Pine Creek at Cedar Run, PA",1557.047,41.521736,-77.44748,"PA",c(-77.4474798296304, 41.5217358601219),"01548500"
"13","01549500",1.47155337537358,0.740486001479197,2.63644336177998,1.32283431450691,0.0978947595175888,3.23805743019717,10957,"APPALACHIAN HIGHLANDS","APPALACHIAN PLATEAUS","ALLEGHENY MOUNTAIN","Blockhouse Creek near English Center, PA",97.4853,41.473683,-77.230809,"PA",c(-77.2308090702823, 41.473683360099),"01549500"
"14","01550000",1.60894830432929,0.875713010439924,2.71439031144722,1.45411604819963,0.145952168406654,3.44879568309057,10957,"APPALACHIAN HIGHLANDS","APPALACHIAN PLATEAUS","ALLEGHENY MOUNTAIN","Lycoming Creek near Trout Run, PA",452.6757,41.41841,-77.032746,"PA",c(-77.0327459792435, 41.4184095702455),"01550000"
"15","01552000",1.68109915197476,0.974912482314965,2.70779886419434,1.4580357791066,0.179817191182538,3.46635549267543,10957,"APPALACHIAN HIGHLANDS","VALLEY AND RIDGE","MIDDLE","Loyalsock Creek at Loyalsockville, PA",1129.486,41.325078,-76.912464,"PA",c(-76.9124637905715, 41.3250783599784),"01552000"
"16","01552500",1.96809428158068,1.08955711232486,3.38669398581142,1.72311439615821,0.189663645478773,4.03539671231431,10957,"APPALACHIAN HIGHLANDS","APPALACHIAN PLATEAUS","ALLEGHENY MOUNTAIN","Muncy Creek near Sonestown, PA",60.6384,41.357024,-76.534671,"PA",c(-76.5346708396875, 41.3570241802218),"01552500"
"17","01557500",1.56929776747237,0.893512627898727,2.30350075974076,1.46442687232808,0.154932118376739,3.48915620015559,10957,"APPALACHIAN HIGHLANDS","VALLEY AND RIDGE","MIDDLE","Bald Eagle Creek at Tyrone, PA",115.2963,40.683673,-78.233624,"PA",c(-78.2336243905531, 40.6836733304599),"01557500"
"18","01564500",1.34761573566628,0.554686988005239,2.6313212010792,1.27962443767545,0.076887305268053,3.23475877163451,10957,"APPALACHIAN HIGHLANDS","VALLEY AND RIDGE","MIDDLE","Aughwick Creek near Three Springs, PA",445.5612,40.212581,-77.925276,"PA",c(-77.9252764405553, 40.2125814396817),"01564500"
"19","01567500",1.29122175018989,0.681599777163947,2.44836116901755,1.01608855669811,0.258755470960387,2.56862138246043,10957,"APPALACHIAN HIGHLANDS","VALLEY AND RIDGE","MIDDLE","Bixler Run near Loysville, PA",38.7729,40.370916,-77.402209,"PA",c(-77.4022090298228, 40.3709161492609),"01567500"
"20","01568000",1.38892761580951,0.709746801428457,2.41025372380893,1.25007017283851,0.164844418396287,3.01024224038108,10957,"APPALACHIAN HIGHLANDS","VALLEY AND RIDGE","MIDDLE","Sherman Creek at Shermans Dale, PA",534.3948,40.323419,-77.16887,"PA",c(-77.1688703399942, 40.3234192791764),"01568000"
"21","01596500",1.52143136967372,0.706711966658778,2.57458999566724,1.51550455072382,0.0745973742584266,3.65134516107035,10957,"APPALACHIAN HIGHLANDS","APPALACHIAN PLATEAUS","ALLEGHENY MOUNTAIN","SAVAGE RIVER NEAR BARTON, MD",124.6505,39.570056,-79.101944,"MD",c(-79.1019444395842, 39.5700555590169),"01596500"
"22","01605500",0.998421190753678,0.501165033808401,2.35681409162445,0.801864054093442,0.176199075044217,2.06268977072721,10957,"APPALACHIAN HIGHLANDS","VALLEY AND RIDGE","MIDDLE","SOUTH BRANCH POTOMAC RIVER AT FRANKLIN, WV",463.8492,38.635672,-79.33782,"WV",c(-79.3378199289465, 38.6356724699086),"01605500"
"23","01606500",1.17028698481304,0.597025194310399,2.19681541656049,1.06767279274487,0.140903756321432,2.67281352197356,10957,"APPALACHIAN HIGHLANDS","VALLEY AND RIDGE","MIDDLE","SO. BRANCH POTOMAC RIVER NR PETERSBURG, WV",1684.547,38.991221,-79.175871,"WV",c(-79.1758705904554, 38.9912210703961),"01606500"
"24","01613050",1.19557650741509,0.421016409660838,2.49304805615804,1.14025277616477,0.0228050555232954,2.98219956843094,10956,"APPALACHIAN HIGHLANDS","VALLEY AND RIDGE","MIDDLE","Tonoloway Creek near Needmore, PA",27.8982,39.898421,-78.132229,"PA",c(-78.1322290395385, 39.8984211892865),"01613050"
"25","01620500",1.56597019154447,0.656321621733982,4.14177679218549,1.41109148672806,0.060162815325615,3.39099504562557,10957,"APPALACHIAN HIGHLANDS","VALLEY AND RIDGE","MIDDLE","NORTH RIVER NEAR STOKESVILLE, VA",44.74026,38.337626,-79.240036,"VA",c(-79.2400362489737, 38.3376256594967),"01620500"
"26","01632000",0.912535859371957,0.290024422249092,2.6107616875388,0.81513075197338,0.0238684695329222,2.00405074380196,10957,"APPALACHIAN HIGHLANDS","VALLEY AND RIDGE","MIDDLE","N F SHENANDOAH RIVER AT COOTES STORE, VA",543.357,38.637063,-78.852803,"VA",c(-78.8528030003582, 38.637062540304),"01632000"
"27","01632900",0.766739696190639,0.405422765461844,1.5134892616513,0.599146944032281,0.14978673600807,1.54779627208339,10957,"APPALACHIAN HIGHLANDS","VALLEY AND RIDGE","MIDDLE","SMITH CREEK NEAR NEW MARKET, VA",245.0484,38.69345,-78.642794,"VA",c(-78.6427935292979, 38.6934501593974),"01632900"
"28","01634500",0.976125251631098,0.411569438336067,2.17536234890348,0.789768381671911,0.101965401389566,2.08565593751385,10957,"APPALACHIAN HIGHLANDS","VALLEY AND RIDGE","MIDDLE","CEDAR CREEK NEAR WINCHESTER, VA",263.9817,39.081218,-78.329449,"VA",c(-78.3294486096656, 39.08121762959),"01634500"
"29","02011400",0.990477172518428,0.510746690958073,1.67586999271156,0.876251667213616,0.155804748499079,2.12461020680562,10957,"APPALACHIAN HIGHLANDS","VALLEY AND RIDGE","MIDDLE","JACKSON RIVER NEAR BACOVA, VA",407.7162,38.042347,-79.881444,"VA",c(-79.8814439404854, 38.0423470702611),"02011400"
"30","02011460",1.43261188178213,0.673023292704144,2.90258533202199,1.36169828988978,0.0892147155445028,3.22425112318729,10957,"APPALACHIAN HIGHLANDS","VALLEY AND RIDGE","MIDDLE","BACK CREEK NEAR SUNRISE, VA",156.3408,38.245401,-79.768663,"VA",c(-79.7686632793868, 38.2454012898377),"02011460"
"31","02013000",0.986817184494669,0.385965234431464,2.13359433596897,0.812255194848304,0.103692152533826,2.15103609756281,10957,"APPALACHIAN HIGHLANDS","VALLEY AND RIDGE","MIDDLE","DUNLAP CREEK NEAR COVINGTON, VA",424.7766,37.802902,-80.047004,"VA",c(-80.0470043097011, 37.8029022292545),"02013000"
"32","02014000",1.07357777216317,0.536537603677577,1.92430179170384,0.937399031712548,0.166511670106834,2.3064949859243,10957,"APPALACHIAN HIGHLANDS","VALLEY AND RIDGE","MIDDLE","POTTS CREEK NEAR COVINGTON, VA",396.783,37.729014,-80.04228,"VA",c(-80.0422802402409, 37.7290140801358),"02014000"
"33","02015700",1.34004302025056,0.734769952439716,2.31046357344778,1.0374231533863,0.300081077425788,2.62356599120832,10957,"APPALACHIAN HIGHLANDS","VALLEY AND RIDGE","MIDDLE","BULLPASTURE RIVER AT WILLIAMSVILLE, VA",285.4062,38.195403,-79.570323,"VA",c(-79.5703233797202, 38.1954030795885),"02015700"
"34","02016000",1.14746554228883,0.542844131393302,2.16341377711525,0.930004662839845,0.179978435412134,2.39670805181194,10957,"APPALACHIAN HIGHLANDS","VALLEY AND RIDGE","MIDDLE","COWPASTURE RIVER NEAR CLIFTON FORGE, VA",1194.551,37.791796,-79.759492,"VA",c(-79.7594916604118, 37.7917958699834),"02016000"
"35","02017500",1.15479929008969,0.513945877906078,1.95139896727665,1.15194765737569,0.115194765737569,2.84442460013536,10957,"APPALACHIAN HIGHLANDS","VALLEY AND RIDGE","MIDDLE","JOHNS CREEK AT NEW CASTLE, VA",276.1497,37.50624,-80.106715,"VA",c(-80.1067150397672, 37.5062397299796),"02017500"
"36","02018000",1.10740840845136,0.505280092019282,2.09209435167706,0.98472199751485,0.14067457107355,2.49769136395895,10957,"APPALACHIAN HIGHLANDS","VALLEY AND RIDGE","MIDDLE","CRAIG CREEK AT PARR, VA",852.3431,37.665962,-79.911439,"VA",c(-79.9114388101529, 37.6659617400423),"02018000"
"37","02027500",1.84307795042358,1.14273205542624,3.34093426107612,1.70616244386557,0.198390981844833,3.9281414405277,10957,"APPALACHIAN HIGHLANDS","BLUE RIDGE","NORTHERN","PINEY RIVER AT PINEY RIVER, VA",123.3423,37.702363,-79.027525,"VA",c(-79.0275254098697, 37.7023625094223),"02027500"
"38","02028500",1.41899630134956,0.814492282445466,2.31972804993135,1.24416936167924,0.139570280957607,3.11042340419811,10957,"APPALACHIAN HIGHLANDS","BLUE RIDGE","NORTHERN","ROCKFISH RIVER NEAR GREENFIELD, VA",245.4534,37.869585,-78.823354,"VA",c(-78.8233543105529, 37.8695849894557),"02028500"
"39","02053800",0.981521877770192,0.575308151178423,1.64726829019479,0.758360744735194,0.217919754234251,1.90026025692267,10957,"APPALACHIAN HIGHLANDS","VALLEY AND RIDGE","MIDDLE","S F ROANOKE RIVER NEAR SHAWSVILLE, VA",280.7226,37.140132,-80.266433,"VA",c(-80.2664328095265, 37.1401323098582),"02053800"
"40","02055100",0.98611044949402,0.536918048678247,2.5972671375469,0.824609958343158,0.176301448819723,1.92328853257879,10957,"APPALACHIAN HIGHLANDS","VALLEY AND RIDGE","MIDDLE","TINKER CREEK NEAR DALEVILLE, VA",30.5352,37.417633,-79.935319,"VA",c(-79.9353192791614, 37.4176331800273),"02055100"
"41","02111180",1.65473707482024,1.12050817469989,2.50772889614472,1.20240578215303,0.428101129868727,2.99670790908109,10957,"APPALACHIAN HIGHLANDS","BLUE RIDGE","SOUTHERN","ELK CREEK AT ELKVILLE, NC",131.4666,36.071389,-81.403056,"NC",c(-81.4030555599661, 36.0713888900852),"02111180"
"42","02137727",1.73212893333596,1.26974546646275,2.34430574793643,1.1880659335324,0.534629670089578,3.02956813050761,10957,"APPALACHIAN HIGHLANDS","BLUE RIDGE","SOUTHERN","CATAWBA R NR PLEASANT GARDENS, NC",329.544,35.685833,-82.060278,"NC",c(-82.0602777801953, 35.6858333294447),"02137727"
"43","02149000",1.51269031247109,1.10434642268658,1.72048783802832,0.996312533510716,0.480150618559381,2.6336261427982,10957,"APPALACHIAN HIGHLANDS","BLUE RIDGE","SOUTHERN","COVE CREEK NEAR LAKE LURE, NC",203.8527,35.423454,-82.111498,"NC",c(-82.1114977796987, 35.4234536403733),"02149000"
"44","02177000",2.84330967117046,2.28546760885511,2.48432485242358,2.15540034656255,0.882599279842422,5.24914308537861,10957,"APPALACHIAN HIGHLANDS","BLUE RIDGE","SOUTHERN","CHATTOOGA RIVER NEAR CLAYTON, GA",526.7736,34.813981,-83.305993,"GA",c(-83.3059930099694, 34.8139814098143),"02177000"
"45","02178400",2.73911339248729,2.16755808780416,2.47117130342675,2.02197582817552,0.905845171022632,4.94979682737367,10957,"APPALACHIAN HIGHLANDS","BLUE RIDGE","SOUTHERN","TALLULAH RIVER NEAR CLAYTON, GA",151.2753,34.890371,-83.530441,"GA",c(-83.5304410191377, 34.8903707498103),"02178400"
"46","02395120",1.23650900043706,0.640800852274418,2.45203358649913,0.853430225983657,0.276709458936681,2.30979579933461,10957,"APPALACHIAN HIGHLANDS","VALLEY AND RIDGE","TENNESSEE","TWO RUN CREEK NEAR KINGSTON, GA",84.0105,34.242778,-84.889722,"GA",c(-84.8897222196047, 34.2427777802704),"02395120"
"47","02450250",1.69126946366633,0.506657602365921,4.49156620912178,1.42286343331096,0.0565978763309597,3.69437835058484,10957,"APPALACHIAN HIGHLANDS","APPALACHIAN PLATEAUS","CUMBERLAND PLATEAU","SIPSEY FORK NEAR GRAYSON AL",231.8252,34.285378,-87.398908,"AL",c(-87.3989083792183, 34.2853775693194),"02450250"
"48","03010655",1.4960731672162,0.836690683956286,2.16906271622616,1.519507219139,0.134639880176874,3.36599700442184,10957,"APPALACHIAN HIGHLANDS","APPALACHIAN PLATEAUS","KANAWHA","Oswayo Creek at Shinglehouse, PA",254.4417,41.961732,-78.198066,"PA",c(-78.1980662400649, 41.9617323700529),"03010655"
"49","03011800",1.91575702328484,1.24678181692847,2.4505759365474,1.80905596966091,0.268913725219866,4.09237796380049,10957,"APPALACHIAN HIGHLANDS","APPALACHIAN PLATEAUS","KANAWHA","Kinzua Creek near Guffey, PA",100.0953,41.766451,-78.71864,"PA",c(-78.7186399899435, 41.7664509891219),"03011800"
"50","03015500",2.01715872762794,1.14422821240151,2.7304210351852,1.82390600614409,0.264014291624414,4.58314842569542,10957,"APPALACHIAN HIGHLANDS","APPALACHIAN PLATEAUS","KANAWHA","Brokenstraw Creek at Youngsville, PA",784.8513,41.852559,-79.317271,"PA",c(-79.3172708293852, 41.8525587098167),"03015500"
"51","03026500",1.77985388353213,1.05323503629505,2.60621587560687,1.7473578977435,0.156659673590797,3.89239035152518,10957,"APPALACHIAN HIGHLANDS","APPALACHIAN PLATEAUS","KANAWHA","Sevenmile Run near Rasselas, PA",20.3058,41.631173,-78.57669,"PA",c(-78.5766898488574, 41.6311734893651),"03026500"
"52","03028000",1.968777363065,1.21506894038987,2.59794242406839,1.86816849584943,0.250607968955411,4.3894365471584,10956,"APPALACHIAN HIGHLANDS","APPALACHIAN PLATEAUS","KANAWHA","West Branch Clarion River at Wilcox, PA",161.1102,41.57534,-78.692249,"PA",c(-78.6922491893486, 41.5753395495806),"03028000"
"53","03049000",1.2855584774177,0.685139966507379,2.01025184907228,1.24695473904343,0.1020858550096,2.96665605497695,10957,"APPALACHIAN HIGHLANDS","APPALACHIAN PLATEAUS","KANAWHA","Buffalo Creek near Freeport, PA",357.1533,40.715898,-79.699494,"PA",c(-79.6994935007244, 40.715898329944),"03049000"
"54","03049800",1.07211566195591,0.458572119453512,2.47617610323364,0.986176600975295,0.0657451067316863,2.46544150243824,10957,"APPALACHIAN HIGHLANDS","APPALACHIAN PLATEAUS","KANAWHA","Little Pine Creek near Etna, PA",14.8878,40.520346,-79.938108,"PA",c(-79.938107989592, 40.5203462000172),"03049800"
"55","03050000",1.88280213712638,0.903902628225255,3.25773658513624,1.86806543166553,0.0703035377508532,4.48988522164556,8200,"APPALACHIAN HIGHLANDS","APPALACHIAN PLATEAUS","ALLEGHENY MOUNTAIN","TYGART VALLEY RIVER NEAR DAILEY, WV",487.287,38.809275,-79.881734,"WV",c(-79.8817342002731, 38.8092750004409),"03050000"
"56","03066000",2.37814298853721,1.38394354020983,3.32819487947175,2.24067049367305,0.208689898920529,5.5357741608393,10957,"APPALACHIAN HIGHLANDS","APPALACHIAN PLATEAUS","ALLEGHENY MOUNTAIN","BLACKWATER R AT DAVIS, WV",222.7851,39.127052,-79.468385,"WV",c(-79.468385160147, 39.1270524194337),"03066000"
"57","03069500",2.42520905580417,1.41006854069762,3.4730234511885,2.29827993923052,0.229300865496623,5.56120489882613,10957,"APPALACHIAN HIGHLANDS","APPALACHIAN PLATEAUS","ALLEGHENY MOUNTAIN","CHEAT RIVER NEAR PARSONS, WV",1856.853,39.122884,-79.681174,"WV",c(-79.6811740894127, 39.1228835302508),"03069500"
"58","03070500",1.99865735425814,1.09726827160107,2.9316189501005,2.0904852415848,0.119469812675186,4.64636357767626,10957,"APPALACHIAN HIGHLANDS","APPALACHIAN PLATEAUS","ALLEGHENY MOUNTAIN","BIG SANDY CREEK AT ROCKVILLE, WV",517.3794,39.615638,-79.704774,"WV",c(-79.704774269417, 39.6156375494334),"03070500"
"59","03076600",1.78293202374772,0.941160494854359,2.64588851182809,1.70945477636812,0.145975913487615,4.39848476166629,10957,"APPALACHIAN HIGHLANDS","APPALACHIAN PLATEAUS","ALLEGHENY MOUNTAIN","BEAR CREEK AT FRIENDSVILLE, MD",127.3991,39.656139,-79.394111,"MD",c(-79.3941111101396, 39.6561388891984),"03076600"
"60","03078000",1.87154941165779,1.0758874800675,2.67239771913896,1.93962813307944,0.12577276175437,4.27324323069063,10957,"APPALACHIAN HIGHLANDS","APPALACHIAN PLATEAUS","ALLEGHENY MOUNTAIN","CASSELMAN RIVER AT GRANTSVILLE, MD",161.4825,39.702194,-79.136389,"MD",c(-79.1363888894356, 39.7021944401214),"03078000"
"61","03140000",0.944782270946522,0.410466580805109,1.81964867777035,0.920766982534849,0.0486994248412841,2.11146791990424,10957,"APPALACHIAN HIGHLANDS","APPALACHIAN PLATEAUS","KANAWHA","Mill Creek near Coshocton OH",70.3458,40.362846,-81.862356,"OH",c(-81.8623563494659, 40.3628459803577),"03140000"
"62","03144000",1.06314767457598,0.444401518265915,2.29750976389032,0.935936530893365,0.0740669197109858,2.2893411547032,10957,"APPALACHIAN HIGHLANDS","APPALACHIAN PLATEAUS","KANAWHA","Wakatomika Creek near Frazeysburg OH",363.4146,40.132568,-82.14792,"OH",c(-82.1479201292105, 40.1325682302397),"03144000"
"63","03159540",1.02612238019246,0.323539170414942,2.44077659042737,0.866840796206072,0.0158717328882802,2.28613998717728,10956,"APPALACHIAN HIGHLANDS","APPALACHIAN PLATEAUS","KANAWHA","Shade River near Chester OH",400.851,39.063689,-81.881802,"OH",c(-81.8818023693838, 39.0636893500835),"03159540"
"64","03161000",1.91016189398033,1.50195960159314,1.93836636538851,1.23772596797953,0.732437089665792,3.175439281146,10957,"APPALACHIAN HIGHLANDS","BLUE RIDGE","SOUTHERN","SOUTH FORK NEW RIVER NEAR JEFFERSON, NC",527.8624,36.393333,-81.406944,"NC",c(-81.406944439834, 36.3933333294696),"03161000"
"65","03164000",1.52380596836325,1.12706317124186,1.57584537268206,1.0905993627605,0.512979487499052,2.75964732370249,10957,"APPALACHIAN HIGHLANDS","BLUE RIDGE","SOUTHERN","NEW RIVER NEAR GALAX, VA",2952.736,36.64735,-80.978969,"VA",c(-80.9789689995197, 36.6473497192142),"03164000"
"66","03165000",1.62781335551331,1.19955566928539,2.12143714919511,0.957245424089745,0.623768948028405,2.59104024565645,10957,"APPALACHIAN HIGHLANDS","BLUE RIDGE","SOUTHERN","CHESTNUT CREEK AT GALAX, VA",101.9961,36.645961,-80.919244,"VA",c(-80.9192444405784, 36.6459613296517),"03165000"
"67","03170000",1.06856409993628,0.779083316061368,1.20513413570756,0.757527651190104,0.369525683507368,1.85994594032042,10957,"APPALACHIAN HIGHLANDS","VALLEY AND RIDGE","MIDDLE","LITTLE RIVER AT GRAYSONTOWN, VA",794.6403,37.037626,-80.556724,"VA",c(-80.5567239403575, 37.037626350076),"03170000"
"68","03173000",0.985978450019098,0.47464481166862,1.66159465063806,0.930303830870495,0.146823461742826,2.2320963343403,10957,"APPALACHIAN HIGHLANDS","VALLEY AND RIDGE","MIDDLE","WALKER CREEK AT BANE, VA",773.3151,37.268178,-80.709512,"VA",c(-80.7095124697246, 37.2681784500755),"03173000"
"69","03180500",1.98325553982549,1.06373914525278,3.26996670033402,1.96437162156679,0.113465508826963,4.5457119473802,10957,"APPALACHIAN HIGHLANDS","APPALACHIAN PLATEAUS","ALLEGHENY MOUNTAIN","GREENBRIER RIVER AT DURBIN, WV",345.0564,38.543727,-79.833115,"WV",c(-79.8331149501948, 38.5437265906097),"03180500"
"70","03182500",1.65568848027274,0.806718662773064,2.90255751127981,1.60626649298815,0.10397707209075,3.7897850068939,10957,"APPALACHIAN HIGHLANDS","VALLEY AND RIDGE","MIDDLE","GREENBRIER RIVER AT BUCKEYE, WV",1364.974,38.185953,-80.130623,"WV",c(-80.1306225396984, 38.1859532598351),"03182500"
"71","03186500",2.5531578418435,1.41766649832186,3.76002721344398,2.51617247607911,0.133602078375882,5.94529248772675,10957,"APPALACHIAN HIGHLANDS","APPALACHIAN PLATEAUS","KANAWHA","WILLIAMS RIVER AT DYER, WV",329.6805,38.378999,-80.483974,"WV",c(-80.4839737205107, 38.3789991500907),"03186500"
"72","03187500",2.69956978551666,1.56908131041632,3.97106427951672,2.63086565581081,0.153368849890317,6.09936118409951,10439,"APPALACHIAN HIGHLANDS","APPALACHIAN PLATEAUS","KANAWHA","CRANBERRY RIVER NEAR RICHWOOD, WV",207.415,38.29539,-80.526475,"WV",c(-80.5264749303737, 38.2953903198074),"03187500"
"73","03213700",1.07934809827256,0.590292611316833,1.63518834355924,1.04739099238782,0.140257560637675,2.35107997327901,10957,"APPALACHIAN HIGHLANDS","APPALACHIAN PLATEAUS","KANAWHA","TUG FORK AT WILLIAMSON, WV",2425.06,37.673157,-82.280141,"KY",c(-82.2801407703802, 37.6731569891038),"03213700"
"74","03237280",1.04969391842741,0.237614628787833,2.76126359827636,1.04773200381135,0.00297018285984791,2.45040085937453,10957,"APPALACHIAN HIGHLANDS","APPALACHIAN PLATEAUS","KANAWHA","Upper Twin Creek at McGaw OH",32.9542,38.643687,-83.215736,"OH",c(-83.2157364792551, 38.6436874501158),"03237280"
"75","03280700",1.27920895303079,0.493350827662529,3.12267586706639,1.10887944650167,0.0572225097915786,2.73740114408362,10957,"APPALACHIAN HIGHLANDS","APPALACHIAN PLATEAUS","KANAWHA","CUTSHIN CREEK AT WOOTON, KY",158.2227,37.165093,-83.307956,"KY",c(-83.3079564494305, 37.1650931398366),"03280700"
"76","03281100",1.43150683813823,0.529951005822479,3.38657969971327,1.33138974701442,0.0329953111216617,3.06219641813317,9498,"APPALACHIAN HIGHLANDS","APPALACHIAN PLATEAUS","CUMBERLAND PLATEAU","GOOSE CREEK AT MANCHESTER, KY",422.7237,37.152034,-83.760197,"KY",c(-83.76019739989, 37.152034049332),"03281100"
"77","03281500",1.35530488532538,0.524484555711504,2.7983798731466,1.23134064475416,0.0440087802330516,3.04840008268869,10957,"APPALACHIAN HIGHLANDS","APPALACHIAN PLATEAUS","CUMBERLAND PLATEAU","SOUTH FORK KENTUCKY RIVER AT BOONEVILLE, KY",1838.22,37.47981,-83.675192,"KY",c(-83.675192259715, 37.4798101793963),"03281500"
"78","03439000",3.0870946784765,2.41046771822952,2.92464089939537,2.16394261068331,1.05457962672541,5.50572740186514,10957,"APPALACHIAN HIGHLANDS","BLUE RIDGE","SOUTHERN","FRENCH BROAD RIVER AT ROSMAN, NC",178.6674,35.143333,-82.824722,"NC",c(-82.8247222190551, 35.1433333301691),"03439000"
"79","03450000",1.81389699387419,1.22345655338944,2.58307018305368,1.73786442242818,0.243301019139945,3.823301729342,9530,"APPALACHIAN HIGHLANDS","BLUE RIDGE","SOUTHERN","BEETREE CREEK NEAR SWANNANOA, NC",14.0805,35.653056,-82.405278,"NC",c(-82.4052777791462, 35.6530555598662),"03450000"
"80","03455500",3.20298353601548,2.24734826365757,4.17489850262447,2.33791304443183,0.805020273548981,5.83639698323011,10957,"APPALACHIAN HIGHLANDS","BLUE RIDGE","SOUTHERN","W F PIGEON R ABOVE LAKE LOGAN NR HAZELWOOD, NC",72.9522,35.396111,-82.9375,"NC",c(-82.9374999996252, 35.39611110974),"03455500"
"81","03456500",2.48853418406431,1.71108877676749,3.43324829319497,1.9513381119835,0.5685289611982,4.71328848477218,10957,"APPALACHIAN HIGHLANDS","BLUE RIDGE","SOUTHERN","EAST FORK PIGEON RIVER NEAR CANTON, NC",133.4268,35.461667,-82.869722,"NC",c(-82.8697222204041, 35.4616666704805),"03456500"
"82","03460000",2.07720593374465,1.60476070509136,2.11074471665477,1.53540730126989,0.635739535030192,3.7951723757863,10957,"APPALACHIAN HIGHLANDS","BLUE RIDGE","SOUTHERN","CATALOOCHEE CREEK NEAR CATALOOCHEE, NC",127.019,35.6675,-83.073611,"NC",c(-83.0736111097648, 35.6675000002249),"03460000"
"83","03463300",2.92706994844941,1.9635534941944,4.90124675411776,2.12063777372995,0.632700570351528,5.38886347851129,10957,"APPALACHIAN HIGHLANDS","BLUE RIDGE","SOUTHERN","SOUTH TOE RIVER NEAR CELO, NC",112.1589,35.831507,-82.184287,"NC",c(-82.1842869096131, 35.8315073499843),"03463300"
"84","03471500",1.31592719857786,0.839700627418802,1.74186491662588,1.08667140018904,0.316122589145902,2.65493580728004,10957,"APPALACHIAN HIGHLANDS","VALLEY AND RIDGE","TENNESSEE","S F HOLSTON RIVER AT RIVERSIDE NR CHILHOWIE, VA",198.1611,36.760393,-81.631229,"VA",c(-81.6312292895001, 36.7603931298391),"03471500"
"85","03473000",1.43031927100629,0.966561953770875,1.66453274741153,1.21599729667949,0.327383887567554,2.88097821059448,10957,"APPALACHIAN HIGHLANDS","VALLEY AND RIDGE","TENNESSEE","S F HOLSTON RIVER NEAR DAMASCUS, VA",784.8126,36.651781,-81.84401,"VA",c(-81.844010230088, 36.6517812697898),"03473000"
"86","03479000",1.78098375327783,1.1632543311555,3.17186542804149,1.32631766150498,0.384289377256728,3.25088040760421,10957,"APPALACHIAN HIGHLANDS","BLUE RIDGE","SOUTHERN","WATAUGA RIVER NEAR SUGAR GROVE, NC",235.6011,36.239167,-81.822222,"NC",c(-81.8222222199794, 36.2391666700059),"03479000"
"87","03488000",1.20011126973047,0.65596863401625,1.91304114944644,1.10033448286597,0.165050172429895,2.623874536065,10957,"APPALACHIAN HIGHLANDS","VALLEY AND RIDGE","TENNESSEE","N F HOLSTON RIVER NEAR SALTVILLE, VA",578.206,36.896781,-81.746229,"VA",c(-81.7462293398121, 36.89678115023),"03488000"
"88","03498500",1.74704375490345,1.12032122478071,2.69453294903875,1.4399112920379,0.32415563964658,3.39046429593509,10957,"APPALACHIAN HIGHLANDS","VALLEY AND RIDGE","TENNESSEE","LITTLE RIVER NEAR MARYVILLE, TN",696.7582,35.785621,-83.884604,"TN",c(-83.8846035898837, 35.7856206296884),"03498500"
"89","03500000",2.4058309666377,1.89719388864107,2.10294990119013,1.84976404142504,0.752101862996994,4.4584056383065,10957,"APPALACHIAN HIGHLANDS","BLUE RIDGE","SOUTHERN","LITTLE TENNESSEE RIVER NEAR PRENTISS, NC",361.1439,35.15,-83.379722,"NC",c(-83.3797222201043, 35.15),"03500000"
"90","03500240",2.22116141520324,1.67759123402021,2.19186671828933,1.72791897104081,0.637484668927679,4.12687443568971,10957,"APPALACHIAN HIGHLANDS","BLUE RIDGE","SOUTHERN","CARTOOGECHAYE CREEK NEAR FRANKLIN, NC",145.8639,35.158889,-83.394167,"NC",c(-83.3941666694562, 35.1588888901102),"03500240"
"91","03504000",3.57158029678795,2.910567981522,2.91602084592203,2.73047658766532,1.11802192590214,6.49420480877096,10957,"APPALACHIAN HIGHLANDS","BLUE RIDGE","SOUTHERN","NANTAHALA RIVER NEAR RAINBOW SPRINGS, NC",134.5167,35.1275,-83.618611,"NC",c(-83.6186111101146, 35.1274999993256),"03504000"
"92","03574500",1.89685279960425,0.691580573910746,4.3672033617244,1.71692394653494,0.0631443132701116,4.23968960527892,10957,"APPALACHIAN HIGHLANDS","APPALACHIAN PLATEAUS","CUMBERLAND PLATEAU","PAINT ROCK RIVER NEAR WOODVILLE AL",813.8025,34.624255,-86.306374,"AL",c(-86.3063737301635, 34.6242547301717),"03574500"
"93","04221000",1.26539428542631,0.684357932503106,1.96059351214579,1.19925580552925,0.125465620958903,2.79934982866747,10957,"APPALACHIAN HIGHLANDS","APPALACHIAN PLATEAUS","KANAWHA","GENESEE RIVER AT WELLSVILLE NY",750.879,42.12229,-77.957225,"NY",c(-77.9572245891434, 42.1222903197425),"04221000"
