<gmd:MD_Metadata xmlns:xsi="http://www.w3.org/2001/XMLSchema-instance"
                 xmlns:gco="http://www.isotc211.org/2005/gco"
                 xmlns:gmd="http://www.isotc211.org/2005/gmd"
                 xmlns:gml="http://www.opengis.net/gml"
                 xmlns:gmx="http://www.isotc211.org/2005/gmx"
                 xmlns:xlink="http://www.w3.org/1999/xlink"
                 xsi:schemaLocation="http://www.isotc211.org/2005/gco http://www.isotc211.org/2005/gco/gco.xsd
                                     http://www.isotc211.org/2005/gmd http://www.isotc211.org/2005/gmd/gmd.xsd
                                     http://www.isotc211.org/2005/gmx http://www.isotc211.org/2005/gmx/gmx.xsd">

    <gmd:fileIdentifier>
        <gco:CharacterString>edu.ucar.gdex::fbc54ccc-5184-4f54-b306-f58112a34700</gco:CharacterString>
    </gmd:fileIdentifier>

    <gmd:language>
        <gmd:LanguageCode codeList="http://www.loc.gov/standards/iso639-2/" codeListValue="eng; USA">eng; USA</gmd:LanguageCode>
    </gmd:language>

    <gmd:characterSet>
        <gmd:MD_CharacterSetCode codeList="http://www.isotc211.org/2005/resources/Codelist/gmxCodelists.xml#MD_CharacterSetCode" codeListValue="utf8" codeSpace="004">utf8</gmd:MD_CharacterSetCode>
    </gmd:characterSet>

    <gmd:hierarchyLevel>
        <gmd:MD_ScopeCode codeList="http://www.isotc211.org/2005/resources/Codelist/gmxCodelists.xml#MD_ScopeCode" codeListValue="dataset" codeSpace="005">dataset</gmd:MD_ScopeCode>
    </gmd:hierarchyLevel>

    <gmd:contact>
        <gmd:CI_ResponsibleParty>
            <gmd:individualName>
                <gco:CharacterString>GDEX Curator</gco:CharacterString>
            </gmd:individualName>
            <gmd:organisationName>
                <gco:CharacterString>UCAR/NCAR - GDEX</gco:CharacterString>
            </gmd:organisationName>
            <gmd:contactInfo>
                <gmd:CI_Contact>
                    <gmd:address>
                        <gmd:CI_Address>
                            <gmd:electronicMailAddress>
                                <gco:CharacterString>gdex@ucar.edu</gco:CharacterString>
                            </gmd:electronicMailAddress>
                        </gmd:CI_Address>
                    </gmd:address>
                </gmd:CI_Contact>
            </gmd:contactInfo>
            <gmd:role>
                <gmd:CI_RoleCode codeList="http://www.isotc211.org/2005/resources/Codelist/gmxCodelists.xml#CI_RoleCode" codeListValue="pointOfContact">pointOfContact</gmd:CI_RoleCode>
            </gmd:role>
        </gmd:CI_ResponsibleParty>
    </gmd:contact>

    <gmd:dateStamp>
        <gco:DateTime>2022-11-26T10:52:32-07:00</gco:DateTime>
    </gmd:dateStamp>

    <gmd:metadataStandardName>
        <gco:CharacterString>ISO 19115 Geographic information - Metadata</gco:CharacterString>
    </gmd:metadataStandardName>

    <gmd:metadataStandardVersion>
        <gco:CharacterString>ISO 19115:2003(E)</gco:CharacterString>
    </gmd:metadataStandardVersion>

    <gmd:dataSetURI>
        <gco:CharacterString>https://gdex.ucar.edu/dataset/id/fbc54ccc-5184-4f54-b306-f58112a34700.html</gco:CharacterString>
    </gmd:dataSetURI>

    <gmd:metadataExtensionInfo>
        <gmd:MD_MetadataExtensionInformation>
            <gmd:extensionOnLineResource>
                <gmd:CI_OnlineResource>
                    <gmd:linkage>
                        <gmd:URL>https://doi.org/10.5194/hess-19-209-2015</gmd:URL>
                    </gmd:linkage>
                    <gmd:protocol>
                        <gco:CharacterString>https</gco:CharacterString>
                    </gmd:protocol>
                    <gmd:applicationProfile>
                        <gco:CharacterString>browser</gco:CharacterString>
                    </gmd:applicationProfile>
                    <gmd:name>
                        <gco:CharacterString>Development of a large-sample watershed-scale hydrometeorological data set for the contiguous USA: data set characteristics and assessment of regional variability in hydrologic model performance</gco:CharacterString>
                    </gmd:name>
                    <gmd:description>
                        <gco:CharacterString></gco:CharacterString>
                    </gmd:description>
                </gmd:CI_OnlineResource>
            </gmd:extensionOnLineResource>
        </gmd:MD_MetadataExtensionInformation>
    </gmd:metadataExtensionInfo>
    <gmd:metadataExtensionInfo>
        <gmd:MD_MetadataExtensionInformation>
            <gmd:extensionOnLineResource>
                <gmd:CI_OnlineResource>
                    <gmd:linkage>
                        <gmd:URL>https://doi.org/10.5194/hess-21-5293-2017</gmd:URL>
                    </gmd:linkage>
                    <gmd:protocol>
                        <gco:CharacterString>https</gco:CharacterString>
                    </gmd:protocol>
                    <gmd:applicationProfile>
                        <gco:CharacterString>browser</gco:CharacterString>
                    </gmd:applicationProfile>
                    <gmd:name>
                        <gco:CharacterString>The CAMELS data set: catchment attributes and meteorology for large-sample studies</gco:CharacterString>
                    </gmd:name>
                    <gmd:description>
                        <gco:CharacterString></gco:CharacterString>
                    </gmd:description>
                </gmd:CI_OnlineResource>
            </gmd:extensionOnLineResource>
        </gmd:MD_MetadataExtensionInformation>
    </gmd:metadataExtensionInfo>

    <gmd:identificationInfo>
        <gmd:MD_DataIdentification>
            <gmd:citation>
                <gmd:CI_Citation>
                    <gmd:title>
                        <gco:CharacterString>CAMELS: Catchment Attributes and MEteorology for Large-sample Studies</gco:CharacterString>
                    </gmd:title>
                    <gmd:date>
                        <gmd:CI_Date>
                            <gmd:date>
                                <gco:Date>2022-06-24</gco:Date>
                            </gmd:date>
                            <gmd:dateType>
                                <gmd:CI_DateTypeCode codeList="http://www.isotc211.org/2005/resources/Codelist/gmxCodelists.xml#CI_DateTypeCode" codeListValue="publication">publication</gmd:CI_DateTypeCode>
                            </gmd:dateType>
                        </gmd:CI_Date>
                    </gmd:date>
                    <gmd:date>
                        <gmd:CI_Date>
                            <gmd:date>
                                <gco:Date>2022-05-12</gco:Date>
                            </gmd:date>
                            <gmd:dateType>
                                <gmd:CI_DateTypeCode codeList="http://www.isotc211.org/2005/resources/Codelist/gmxCodelists.xml#CI_DateTypeCode" codeListValue="modified">modified</gmd:CI_DateTypeCode>
                            </gmd:dateType>
                        </gmd:CI_Date>
                    </gmd:date>
                    <gmd:citedResponsibleParty>
                        <gmd:CI_ResponsibleParty>
                            <gmd:organisationName>
                                <gco:CharacterString>UCAR/NCAR - GDEX</gco:CharacterString>
                            </gmd:organisationName>
                            <gmd:contactInfo>
                                <gmd:CI_Contact>
                                    <gmd:address>
                                        <gmd:CI_Address>
                                            <gmd:electronicMailAddress>
                                                <gco:CharacterString>gdex@ucar.edu</gco:CharacterString>
                                            </gmd:electronicMailAddress>
                                        </gmd:CI_Address>
                                    </gmd:address>
                                </gmd:CI_Contact>
                            </gmd:contactInfo>
                            <gmd:role>
                                <gmd:CI_RoleCode codeList="http://www.isotc211.org/2005/resources/Codelist/gmxCodelists.xml#CI_RoleCode" codeListValue="publisher">publisher</gmd:CI_RoleCode>
                            </gmd:role>
                        </gmd:CI_ResponsibleParty>
                    </gmd:citedResponsibleParty>
                    <gmd:citedResponsibleParty>
                        <gmd:CI_ResponsibleParty>
                            <gmd:individualName>
                                <gco:CharacterString>Newman, Andrew</gco:CharacterString>
                            </gmd:individualName>
                            <gmd:organisationName>
                                <gco:CharacterString>UCAR/NCAR - Research Applications Laboratory</gco:CharacterString>
                            </gmd:organisationName>
                            <gmd:contactInfo>
                                <gmd:CI_Contact>
                                    <gmd:address>
                                        <gmd:CI_Address>
                                            <gmd:electronicMailAddress>
                                                <gco:CharacterString>anewman@ucar.edu</gco:CharacterString>
                                            </gmd:electronicMailAddress>
                                        </gmd:CI_Address>
                                    </gmd:address>
                                </gmd:CI_Contact>
                            </gmd:contactInfo>
                            <gmd:role>
                                <gmd:CI_RoleCode codeList="http://www.isotc211.org/2005/resources/Codelist/gmxCodelists.xml#CI_RoleCode" codeListValue="author">author</gmd:CI_RoleCode>
                            </gmd:role>
                        </gmd:CI_ResponsibleParty>
                    </gmd:citedResponsibleParty>
                    <gmd:citedResponsibleParty>
                        <gmd:CI_ResponsibleParty>
                            <gmd:individualName>
                                <gco:CharacterString>Sampson, Kevin</gco:CharacterString>
                            </gmd:individualName>
                            <gmd:role>
                                <gmd:CI_RoleCode codeList="http://www.isotc211.org/2005/resources/Codelist/gmxCodelists.xml#CI_RoleCode" codeListValue="author">author</gmd:CI_RoleCode>
                            </gmd:role>
                        </gmd:CI_ResponsibleParty>
                    </gmd:citedResponsibleParty>
                    <gmd:citedResponsibleParty>
                        <gmd:CI_ResponsibleParty>
                            <gmd:individualName>
                                <gco:CharacterString>Clark, Martyn</gco:CharacterString>
                            </gmd:individualName>
                            <gmd:role>
                                <gmd:CI_RoleCode codeList="http://www.isotc211.org/2005/resources/Codelist/gmxCodelists.xml#CI_RoleCode" codeListValue="author">author</gmd:CI_RoleCode>
                            </gmd:role>
                        </gmd:CI_ResponsibleParty>
                    </gmd:citedResponsibleParty>
                    <gmd:citedResponsibleParty>
                        <gmd:CI_ResponsibleParty>
                            <gmd:individualName>
                                <gco:CharacterString>Bock, A.</gco:CharacterString>
                            </gmd:individualName>
                            <gmd:role>
                                <gmd:CI_RoleCode codeList="http://www.isotc211.org/2005/resources/Codelist/gmxCodelists.xml#CI_RoleCode" codeListValue="author">author</gmd:CI_RoleCode>
                            </gmd:role>
                        </gmd:CI_ResponsibleParty>
                    </gmd:citedResponsibleParty>
                    <gmd:citedResponsibleParty>
                        <gmd:CI_ResponsibleParty>
                            <gmd:individualName>
                                <gco:CharacterString>Viger, R. J.</gco:CharacterString>
                            </gmd:individualName>
                            <gmd:role>
                                <gmd:CI_RoleCode codeList="http://www.isotc211.org/2005/resources/Codelist/gmxCodelists.xml#CI_RoleCode" codeListValue="author">author</gmd:CI_RoleCode>
                            </gmd:role>
                        </gmd:CI_ResponsibleParty>
                    </gmd:citedResponsibleParty>
                    <gmd:citedResponsibleParty>
                        <gmd:CI_ResponsibleParty>
                            <gmd:individualName>
                                <gco:CharacterString>Blodgett, D.</gco:CharacterString>
                            </gmd:individualName>
                            <gmd:role>
                                <gmd:CI_RoleCode codeList="http://www.isotc211.org/2005/resources/Codelist/gmxCodelists.xml#CI_RoleCode" codeListValue="author">author</gmd:CI_RoleCode>
                            </gmd:role>
                        </gmd:CI_ResponsibleParty>
                    </gmd:citedResponsibleParty>
                    <gmd:citedResponsibleParty>
                        <gmd:CI_ResponsibleParty>
                            <gmd:individualName>
                                <gco:CharacterString>Addor, N.</gco:CharacterString>
                            </gmd:individualName>
                            <gmd:role>
                                <gmd:CI_RoleCode codeList="http://www.isotc211.org/2005/resources/Codelist/gmxCodelists.xml#CI_RoleCode" codeListValue="author">author</gmd:CI_RoleCode>
                            </gmd:role>
                        </gmd:CI_ResponsibleParty>
                    </gmd:citedResponsibleParty>
                    <gmd:citedResponsibleParty>
                        <gmd:CI_ResponsibleParty>
                            <gmd:individualName>
                                <gco:CharacterString>Mizukami, M.</gco:CharacterString>
                            </gmd:individualName>
                            <gmd:role>
                                <gmd:CI_RoleCode codeList="http://www.isotc211.org/2005/resources/Codelist/gmxCodelists.xml#CI_RoleCode" codeListValue="author">author</gmd:CI_RoleCode>
                            </gmd:role>
                        </gmd:CI_ResponsibleParty>
                    </gmd:citedResponsibleParty>
                </gmd:CI_Citation>
            </gmd:citation>
            <gmd:abstract>
                <gco:CharacterString>The hydrometeorological time series together with the catchment attributes constitute the CAMELS dataset: Catchment Attributes and MEteorology for Large-sample Studies. 

TIME SERIES
Data citation: A. Newman; K. Sampson; M. P. Clark; A. Bock; R. J. Viger; D. Blodgett, 2014. A large-sample watershed-scale hydrometeorological dataset for the contiguous USA. Boulder, CO: UCAR/NCAR. https://dx.doi.org/10.5065/D6MW2F4D

Associated paper: A. J. Newman, M. P. Clark, K. Sampson, A. Wood, L. E. Hay, A. Bock, R. J. Viger, D. Blodgett, L. Brekke, J. R. Arnold, T. Hopson, and Q. Duan: Development of a large-sample watershed-scale hydrometeorological dataset for the contiguous USA: dataset characteristics and assessment of regional variability in hydrologic model performance. Hydrol. Earth Syst. Sci., 19, 209-223, doi:10.5194/hess-19-209-2015, 2015.

We developed basin scale hydrometeorological forcing data for 671 basins in the United States Geological Survey’s Hydro-Climatic Data Network 2009 (HCDN-2009, Lins 2012) conterminous U.S. basin subset. Retrospective model forcings are derived from Daymet, NLDAS, and Maurer et al. (2002) Daymet and NLDAS forcing data run from 1 Jan 1980 to 31 Dec 2014, and Maurer run from 1 January 1980 to 31 December 2008. Model timeseries output is available for the same time periods as the forcing data. USGS streamflow data are also provided for all basins for all dates available in the 1 Jan to 31 Dec 2014 period. We then implemented the hydrologic model and calibration routine traditionally used by the NWS, the SNOW-17 and Sacramento soil moisture accounting (SAC-SMA) based hydrologic modeling system and the shuffled complex evolution (SCE) optimization approach (Duan et al. 1993).

To retrieve the entire time series dataset, all five *.zip files should be downloaded.  The basin_timeseries_v1p2_metForcing_obsFlow.zip file contains all the basin forcing data for all three meteorology products, observed streamflow, basin metadata, readme files, and basin shapefiles.  The three *_modelOutput_*.zip files contain all the model output for the various forcing datasets denoted in the link names.  Finally, the basin_set_full_res.zip file is a full resolution basin shapefile containing the original basin boundaries from the geospatial fabric.

Note there are two versions of the basin shapefiles included in this dataset.  The shapefile included with the basin forcing data was used to compute the basin forcing data and is a simplified representation of the basin boundaries which will include small holes in the interior of some basins where sub-basin HRU simplifications do not match.  The full resolution shapefile does not have those discontinuities.  The user can best determine which shapefile (or both) is appropriate for their needs.


CATCHMENT ATTRIBUTES
Data citation: Addor, A. Newman, M. Mizukami, and M. P. Clark, 2017. Catchment attributes for large-sample studies. Boulder, CO: UCAR/NCAR. https://doi.org/10.5065/D6G73C3Q

Association paper: Addor, N., Newman, A. J., Mizukami, N. and Clark, M. P.: The CAMELS data set: catchment attributes and meteorology for large-sample studies, Hydrol. Earth Syst. Sci., 21, 5293–5313, doi:10.5194/hess-21-5293-2017, 2017.

This dataset covers the same 671 catchments as the Large-Sample Hydrometeorological Dataset introduced by Newman et al. (2015). For each catchment, we characterized a wide range of attributes that influence catchment behavior and hydrological processes. Datasets characterizing these attributes have been available separately for some time, but comprehensive multivariate catchment scale assessments have so far been difficult, because these datasets typically have different spatial configurations, are stored in different archives, or use different data formats. By creating catchment scale estimates of these attributes, our aim is to simplify the assessment of their interrelationships.

Topographic characteristics (e.g. elevation and slope) were retrieved from Newman et al. (2015). Climatic indices (e.g., aridity and frequency of dry days) and hydrological signatures (e.g., mean annual discharge and baseflow index) were computed using the time series provided by Newman et al. (2015). Soil characteristics (e.g., porosity and soil depth) were characterized using the STATSGO dataset and the Pelletier et al. (2016) dataset. Vegetation characteristics (e.g. the leaf area index and the rooting depth) were inferred using MODIS data. Geological characteristics (e.g., geologic class and the subsurface porosity) were computed using the GLiM and GLHYMPS datasets.

An essential feature, that differentiates this dataset from similar ones, is that it both provides quantitative estimates of diverse catchment attributes, and involves assessments of the limitations of the data and methods used to compute those attributes (see Addor et al., 2017). The large number of catchments, combined with the diversity of their geophysical characteristics, makes these data well suited for large-sample studies and comparative hydrology.</gco:CharacterString>
            </gmd:abstract>
            <gmd:credit>
                <gco:CharacterString>The CAMELS dataset was sponsored by the US Bureau of Reclamation and the US Army Corps of Engineers.</gco:CharacterString>
            </gmd:credit>
            <gmd:pointOfContact>
                <gmd:CI_ResponsibleParty>
                    <gmd:individualName>
                        <gco:CharacterString>Andrew Newman</gco:CharacterString>
                    </gmd:individualName>
                    <gmd:organisationName>
                        <gco:CharacterString>UCAR/NCAR - Research Applications Laboratory</gco:CharacterString>
                    </gmd:organisationName>
                    <gmd:contactInfo>
                        <gmd:CI_Contact>
                            <gmd:address>
                                <gmd:CI_Address>
                                    <gmd:electronicMailAddress>
                                        <gco:CharacterString>anewman@ucar.edu</gco:CharacterString>
                                    </gmd:electronicMailAddress>
                                </gmd:CI_Address>
                            </gmd:address>
                        </gmd:CI_Contact>
                    </gmd:contactInfo>
                    <gmd:role>
                        <gmd:CI_RoleCode codeList="http://www.isotc211.org/2005/resources/Codelist/gmxCodelists.xml#CI_RoleCode" codeListValue="pointOfContact">pointOfContact</gmd:CI_RoleCode>
                    </gmd:role>
                </gmd:CI_ResponsibleParty>
            </gmd:pointOfContact>
            <gmd:resourceFormat>
                <gmd:MD_Format>
                    <gmd:name>
                        <gco:CharacterString>Portable Document Format (application/pdf)</gco:CharacterString>
                    </gmd:name>
                    <gmd:version gco:nilReason="unknown"/>
                </gmd:MD_Format>
            </gmd:resourceFormat>
            <gmd:resourceFormat>
                <gmd:MD_Format>
                    <gmd:name>
                        <gco:CharacterString>Microsoft Excel Spreadsheet (application/vnd.ms-excel)</gco:CharacterString>
                    </gmd:name>
                    <gmd:version gco:nilReason="unknown"/>
                </gmd:MD_Format>
            </gmd:resourceFormat>
            <gmd:resourceFormat>
                <gmd:MD_Format>
                    <gmd:name>
                        <gco:CharacterString>Compressed Archive File (application/zip)</gco:CharacterString>
                    </gmd:name>
                    <gmd:version gco:nilReason="unknown"/>
                </gmd:MD_Format>
            </gmd:resourceFormat>
            <gmd:resourceFormat>
                <gmd:MD_Format>
                    <gmd:name>
                        <gco:CharacterString>text/plain</gco:CharacterString>
                    </gmd:name>
                    <gmd:version gco:nilReason="unknown"/>
                </gmd:MD_Format>
            </gmd:resourceFormat>

            <gmd:descriptiveKeywords>
                <gmd:MD_Keywords>
                    <gmd:keyword>
                        <gco:CharacterString>Dataset</gco:CharacterString>
                    </gmd:keyword>
                    <gmd:thesaurusName>
                        <gmd:CI_Citation>
                            <gmd:title>
                                <gco:CharacterString>DataCite Resource Type</gco:CharacterString>
                            </gmd:title>
                            <gmd:date>
                                <gmd:CI_Date>
                                    <gmd:date>
                                        <gco:Date>2014-10-16</gco:Date>
                                    </gmd:date>
                                    <gmd:dateType>
                                        <gmd:CI_DateTypeCode codeList="http://www.isotc211.org/2005/resources/Codelist/gmxCodelists.xml#CI_DateTypeCode" codeListValue="revision">revision</gmd:CI_DateTypeCode>
                                    </gmd:dateType>
                                </gmd:CI_Date>
                            </gmd:date>
                            <gmd:edition>
                                <gco:CharacterString>3.1</gco:CharacterString>
                            </gmd:edition>
                            <gmd:citedResponsibleParty>
                                <gmd:CI_ResponsibleParty>
                                    <gmd:organisationName>
                                        <gco:CharacterString>DataCite Metadata Working Group</gco:CharacterString>
                                    </gmd:organisationName>
                                    <gmd:role>
                                        <gmd:CI_RoleCode codeList="http://www.isotc211.org/2005/resources/Codelist/gmxCodelists.xml#CI_RoleCode" codeListValue="originator">originator</gmd:CI_RoleCode>
                                    </gmd:role>
                                </gmd:CI_ResponsibleParty>
                            </gmd:citedResponsibleParty>
                            <gmd:otherCitationDetails>
                                <gco:CharacterString>resourceTypeGeneral</gco:CharacterString>
                            </gmd:otherCitationDetails>
                        </gmd:CI_Citation>
                    </gmd:thesaurusName>
                </gmd:MD_Keywords>
            </gmd:descriptiveKeywords>
            <gmd:descriptiveKeywords>
                <gmd:MD_Keywords>
                    <gmd:keyword>
                        <gco:CharacterString>EARTH SCIENCE &gt; CLIMATE INDICATORS</gco:CharacterString>
                    </gmd:keyword>
                    <gmd:keyword>
                        <gco:CharacterString>EARTH SCIENCE SERVICES &gt; MODELS &gt; HYDROLOGIC AND TERRESTRIAL WATER CYCLE MODELS</gco:CharacterString>
                    </gmd:keyword>
                    <gmd:keyword>
                        <gco:CharacterString>EARTH SCIENCE &gt; SOLID EARTH &gt; GEOMORPHIC LANDFORMS/PROCESSES &gt; FLUVIAL LANDFORMS &gt; WATERSHED/DRAINAGE BASINS</gco:CharacterString>
                    </gmd:keyword>
                    <gmd:keyword>
                        <gco:CharacterString>EARTH SCIENCE &gt; TERRESTRIAL HYDROSPHERE &gt; SURFACE WATER &gt; SURFACE WATER FEATURES &gt; DRAINAGE BASINS</gco:CharacterString>
                    </gmd:keyword>
                    <gmd:keyword>
                        <gco:CharacterString>EARTH SCIENCE &gt; TERRESTRIAL HYDROSPHERE &gt; SURFACE WATER &gt; SURFACE WATER PROCESSES/MEASUREMENTS &gt; RUNOFF</gco:CharacterString>
                    </gmd:keyword>
                    <gmd:keyword>
                        <gco:CharacterString>EARTH SCIENCE &gt; TERRESTRIAL HYDROSPHERE &gt; SURFACE WATER &gt; WATERSHED CHARACTERISTICS</gco:CharacterString>
                    </gmd:keyword>
                    <gmd:keyword>
                        <gco:CharacterString>EARTH SCIENCE &gt; TERRESTRIAL HYDROSPHERE &gt; WATER BUDGET</gco:CharacterString>
                    </gmd:keyword>
                    <gmd:type>
                        <gmd:MD_KeywordTypeCode codeList="http://www.isotc211.org/2005/resources/Codelist/gmxCodelists.xml#MD_KeywordTypeCode" codeListValue="theme">theme</gmd:MD_KeywordTypeCode>
                    </gmd:type>
                    <gmd:thesaurusName>
                        <gmd:CI_Citation>
                            <gmd:title>
                                <gco:CharacterString>NASA/GCMD Earth Science Keywords</gco:CharacterString>
                            </gmd:title>
                            <gmd:alternateTitle>
                                <gco:CharacterString>Science and Services Keywords</gco:CharacterString>
                            </gmd:alternateTitle>
                            <gmd:date>
                                <gmd:CI_Date>
                                    <gmd:date>
                                        <gco:Date>2018-03-15</gco:Date>
                                    </gmd:date>
                                    <gmd:dateType>
                                        <gmd:CI_DateTypeCode codeList="http://www.isotc211.org/2005/resources/Codelist/gmxCodelists.xml#CI_DateTypeCode" codeListValue="revision">revision</gmd:CI_DateTypeCode>
                                    </gmd:dateType>
                                </gmd:CI_Date>
                            </gmd:date>
                            <gmd:edition>
                                <gco:CharacterString>8.6</gco:CharacterString>
                            </gmd:edition>
                            <gmd:collectiveTitle>
                                <gco:CharacterString>Global Change Master Directory (GCMD). 2018. GCMD Keywords, Version 8.6. Greenbelt, MD: Global Change Data Center, Science and Exploration Directorate, Goddard Space Flight Center (GSFC) National Aeronautics and Space Administration (NASA). URL (GCMD Keyword Forum Page): https://earthdata.nasa.gov/gcmd-forum</gco:CharacterString>
                            </gmd:collectiveTitle>
                        </gmd:CI_Citation>
                    </gmd:thesaurusName>
                </gmd:MD_Keywords>
            </gmd:descriptiveKeywords>

            <gmd:resourceConstraints>
                <gmd:MD_LegalConstraints>
                    <gmd:useLimitation>
                        <gco:CharacterString>
                            Creative Commons Attribution 4.0 International License.
                        </gco:CharacterString>
                    </gmd:useLimitation>
                    <gmd:otherConstraints>
                        <gco:CharacterString>
                            None
                        </gco:CharacterString>
                    </gmd:otherConstraints>
                </gmd:MD_LegalConstraints>
            </gmd:resourceConstraints>


            <gmd:language>
                <gco:CharacterString>eng; USA</gco:CharacterString>
            </gmd:language>


            <gmd:extent>
                <gmd:EX_Extent>
                    <gmd:geographicElement>
                        <gmd:EX_GeographicBoundingBox>
                            <gmd:westBoundLongitude>
                                <gco:Decimal>-125.0</gco:Decimal>
                            </gmd:westBoundLongitude>
                            <gmd:eastBoundLongitude>
                                <gco:Decimal>-66.0</gco:Decimal>
                            </gmd:eastBoundLongitude>
                            <gmd:southBoundLatitude>
                                <gco:Decimal>25.0</gco:Decimal>
                            </gmd:southBoundLatitude>
                            <gmd:northBoundLatitude>
                                <gco:Decimal>50.0</gco:Decimal>
                            </gmd:northBoundLatitude>
                        </gmd:EX_GeographicBoundingBox>
                    </gmd:geographicElement>
                    <gmd:temporalElement>
                        <gmd:EX_TemporalExtent>
                            <gmd:extent>
                                <gml:TimePeriod gml:id="tp_9f8192e0-86b4-42b9-b86c-924fb1af9e90">
                                    <gml:beginPosition>1980-01-01</gml:beginPosition>
                                    <gml:endPosition>2014-12-31</gml:endPosition>
                                </gml:TimePeriod>
                            </gmd:extent>
                        </gmd:EX_TemporalExtent>
                    </gmd:temporalElement>
                </gmd:EX_Extent>
            </gmd:extent>

        </gmd:MD_DataIdentification>
    </gmd:identificationInfo>

    <gmd:distributionInfo>
        <gmd:MD_Distribution>
            <gmd:distributionFormat>
                <gmd:MD_Format>
                    <gmd:name>
                        <gco:CharacterString>Portable Document Format (application/pdf)</gco:CharacterString>
                    </gmd:name>
                    <gmd:version gco:nilReason="unknown"/>
                </gmd:MD_Format>
            </gmd:distributionFormat>
            <gmd:distributionFormat>
                <gmd:MD_Format>
                    <gmd:name>
                        <gco:CharacterString>Microsoft Excel Spreadsheet (application/vnd.ms-excel)</gco:CharacterString>
                    </gmd:name>
                    <gmd:version gco:nilReason="unknown"/>
                </gmd:MD_Format>
            </gmd:distributionFormat>
            <gmd:distributionFormat>
                <gmd:MD_Format>
                    <gmd:name>
                        <gco:CharacterString>Compressed Archive File (application/zip)</gco:CharacterString>
                    </gmd:name>
                    <gmd:version gco:nilReason="unknown"/>
                </gmd:MD_Format>
            </gmd:distributionFormat>
            <gmd:distributionFormat>
                <gmd:MD_Format>
                    <gmd:name>
                        <gco:CharacterString>text/plain</gco:CharacterString>
                    </gmd:name>
                    <gmd:version gco:nilReason="unknown"/>
                </gmd:MD_Format>
            </gmd:distributionFormat>
            <gmd:distributor>
                <gmd:MD_Distributor>
                    <gmd:distributorContact>
                        <gmd:CI_ResponsibleParty>
                            <gmd:organisationName>
                                <gco:CharacterString>UCAR/NCAR - CISL - CDP</gco:CharacterString>
                            </gmd:organisationName>
                            <gmd:role>
                                <gmd:CI_RoleCode codeList="http://www.isotc211.org/2005/resources/Codelist/gmxCodelists.xml#CI_RoleCode" codeListValue="resourceProvider">resourceProvider</gmd:CI_RoleCode>
                            </gmd:role>
                        </gmd:CI_ResponsibleParty>
                    </gmd:distributorContact>
                </gmd:MD_Distributor>
            </gmd:distributor>
            <gmd:transferOptions>
                <gmd:MD_DigitalTransferOptions>
                    <gmd:onLine>
                        <gmd:CI_OnlineResource>
                            <gmd:linkage>
                                <gmd:URL>https://gdex.ucar.edu/dataset/id/fbc54ccc-5184-4f54-b306-f58112a34700.html</gmd:URL>
                            </gmd:linkage>
                            <gmd:protocol>
                                <gco:CharacterString>https</gco:CharacterString>
                            </gmd:protocol>
                            <gmd:applicationProfile>
                                <gco:CharacterString>browser</gco:CharacterString>
                            </gmd:applicationProfile>
                            <gmd:name>
                                <gco:CharacterString>CAMELS: Catchment Attributes and MEteorology for Large-sample Studies</gco:CharacterString>
                            </gmd:name>
                            <gmd:description>
                                <gco:CharacterString>Metadata Link</gco:CharacterString>
                            </gmd:description>
                            <gmd:function>
                                <gmd:CI_OnLineFunctionCode codeList="http://www.isotc211.org/2005/resources/Codelist/gmxCodelists.xml#CI_OnLineFunctionCode" codeListValue="download">download</gmd:CI_OnLineFunctionCode>
                            </gmd:function>
                        </gmd:CI_OnlineResource>
                    </gmd:onLine>
                </gmd:MD_DigitalTransferOptions>
            </gmd:transferOptions>
        </gmd:MD_Distribution>
    </gmd:distributionInfo>

</gmd:MD_Metadata>
