gauge_id,p_mean,pet_mean,p_seasonality,frac_snow,aridity,high_prec_freq,high_prec_dur,high_prec_timing,low_prec_freq,low_prec_dur,low_prec_timing,geol_1st_class,glim_1st_class_frac,geol_2nd_class,glim_2nd_class_frac,carbonate_rocks_frac,geol_porostiy,geol_permeability,soil_depth_pelletier,soil_depth_statsgo,soil_porosity,soil_conductivity,max_water_content,sand_frac,silt_frac,clay_frac,water_frac,organic_frac,other_frac,q_mean,runoff_ratio,slope_fdc,baseflow_index,stream_elas,q5,q95,high_q_freq,high_q_dur,low_q_freq,low_q_dur,zero_q_freq,hfd_mean,STANAME,CLASS,AGGECOREGI,DRAIN_SQKM,HUC02,LAT_GAGE,LNG_GAGE,STATE,HCDN_2009,ACTIVE09,FLYRS1900,FLYRS1950,FLYRS1990,OBJECTID,Join_Count,TARGET_FID,AREA,PERIMETER,PHYSIODD_,PHYSIODD_I,FCODE,FENCODE,DIVISION,PROVINCE,SECTION,PROVCODE,geometry
01350000,3.86979603011636,2.24600206707734,0.111819706171743,0.231159657658639,0.580392881071257,20.4,1.17241379310345,son,235.9,3.52879581151832,son,Siliciclastic sedimentary rocks,0.999449792702365,Water bodies,5.5020729763458e-4,0,0.1897,-15.2049,1.92408906882591,1.05607186551288,0.453190113888719,1.26525933844397,0.453996986854359,33.1546808168961,43.3005343633103,12.7844306791627,0,0,0,2.10751838898456,0.544607098819415,1.63109206304951,0.454634129444089,1.56426437459043,0.0918699083241456,7.18981891232444,11.35,1.89166666666667,95.65,16.2118644067797,0,160.2,SCHOHARIE CREEK AT PRATTSVILLE NY,Ref,NorthEast,612.5148,02,42.319528,-74.436537,NY,yes,yes,102,60,20,22,1,22,0.533,3.365,154,13,82,8b,APPALACHIAN HIGHLANDS,APPALACHIAN PLATEAUS,CATSKILL,8,"c(1750722.8199, 2346128.7399)"
01350080,3.49282546201232,2.23903277207392,0.145064802029245,0.221156578322867,0.641037691812962,20,1.16618075801749,son,235.75,3.46946284032377,son,Siliciclastic sedimentary rocks,0.997652206074361,Water bodies,0.00234779392563892,0,0.1802,-15.3774,3.05479452054795,1.21108118793857,0.451886962988956,1.26809749886418,0.5249551074416,33.3490780009397,46.2228436862097,13.8088437731453,0.0911985513254742,0,1.56630170422369,1.53457849767968,0.439351612145991,1.9015959869947,0.492301447944427,1.33865966132431,0.0700355595099847,5.07174176784804,9.05,1.96739130434783,106.7,19.5779816513761,0,169.55,MANOR KILL AT WEST CONESVILLE NEAR GILBOA NY,Ref,NorthEast,83.8404,02,42.377026,-74.412924,NY,yes,yes,23,23,20,24,1,24,7.84,23.26,148,165,83,8c,APPALACHIAN HIGHLANDS,APPALACHIAN PLATEAUS,SOUTHERN NEW YORK,8,"c(1751159.0087, 2352827.8854)"
01350140,3.50142231348392,2.24050105407255,0.15749326322031,0.219859026682811,0.639883125621386,18.4,1.17948717948718,son,227.4,3.28375451263538,son,Siliciclastic sedimentary rocks,0.997893020338537,Water bodies,0.00210697966146313,0,0.1573,-15.8034,3.22222222222222,0.91448527617137,0.461823179669363,1.0605405600924,0.363893906334303,22.7809714105151,49.3698619949448,13.5865771896905,0,0,14.0325138915114,1.49965270356878,0.428298151238039,1.84146846876653,0.459146755035003,1.1792267411951,0.0335453685404314,5.14362317619949,11.1,2.07476635514019,107.2,13.2345679012346,0,166.45,MINE KILL NEAR NORTH BLENHEIM NY,Ref,NorthEast,43.7598,02,42.428968,-74.472925,NY,yes,yes,34,34,20,27,1,27,7.84,23.26,148,165,83,8c,APPALACHIAN HIGHLANDS,APPALACHIAN PLATEAUS,SOUTHERN NEW YORK,8,"c(1745071.0757, 2357382.886)"
01365000,4.21143600273785,2.30295430527036,0.122173899478694,0.202270211093681,0.546833503767649,19.4,1.17220543806647,son,230.15,3.42230483271375,son,Siliciclastic sedimentary rocks,1,NA,0,0,0.19,-15.2,0.964705882352941,0.692277988322943,0.462963030505816,1.07409636006957,0.301407515487809,26.2184820413834,41.9243101559479,12.9911486362669,0,0,0,2.71921109259339,0.64567313638997,1.56080308910702,0.554875052263605,1.30994604639525,0.270285537823007,8.00536620206686,5.3,1.55882352941176,47.6,10.8181818181818,0,165.75,RONDOUT CREEK NEAR LOWES CORNERS NY,Ref,NorthEast,99.5688,02,41.866482,-74.4871,NY,yes,yes,72,60,20,47,1,47,7.84,23.26,148,165,83,8c,APPALACHIAN HIGHLANDS,APPALACHIAN PLATEAUS,SOUTHERN NEW YORK,8,"c(1758061.3812, 2295818.0356)"
01413500,3.83254620123203,2.23476543463381,0.146606145385192,0.216908033968228,0.583102020770268,18.7,1.15432098765432,son,224.6,3.19034090909091,son,Siliciclastic sedimentary rocks,0.999905874798265,Water bodies,9.41252017347397e-5,0,0.19,-15.1998,1.49425287356322,0.917915249115319,0.454590907762303,1.2408324647136,0.395298196816571,31.4215726045375,47.2242721157001,14.1256611392939,0,0,1.36426525270476,1.95934007072571,0.511237169194687,1.79048501279787,0.530017057050457,1.21259553238624,0.132683889525165,5.99961935244224,5.5,2.07547169811321,70,17.2839506172839,0,162.5,EAST BR DELAWARE R AT MARGARETVILLE NY,Ref,NorthEast,424.1025,02,42.14481,-74.653489,NY,yes,yes,72,60,20,59,1,59,0.533,3.365,154,13,82,8b,APPALACHIAN HIGHLANDS,APPALACHIAN PLATEAUS,CATSKILL,8,"c(1737759.4938, 2323103.7513)"
01414500,3.97997125256674,2.22974611909651,0.154116607149121,0.216628505016047,0.560241764977201,19.35,1.16216216216216,son,223.8,3.15211267605634,son,Siliciclastic sedimentary rocks,1,NA,0,0,0.19,-15.2,1.06363636363636,0.723805924691823,0.462187414140568,1.08907888112542,0.297565968789025,25.0559054256042,43.3798112746432,12.7716159765733,0.728437326168851,0,6.02209862815675,2.23957781138062,0.562712057263301,1.74636303392218,0.530299153727381,1.16106306057331,0.163231572472612,6.71147488678085,5.45,1.703125,59.55,13.0879120879121,0,159.65,MILL BROOK NEAR DUNRAVEN NY,Ref,NorthEast,64.4517,02,42.106199,-74.730435,NY,yes,yes,72,60,20,61,1,61,0.533,3.365,154,13,82,8b,APPALACHIAN HIGHLANDS,APPALACHIAN PLATEAUS,CATSKILL,8,"c(1732559.1466, 2317488.4571)"
01415000,3.77312251882272,2.23751144421629,0.147821520346755,0.213452184948768,0.593013196113873,18.3,1.18064516129032,son,215.55,3.06832740213523,son,Siliciclastic sedimentary rocks,1,NA,0,0,0.19,-15.2,2.18181818181818,0.951826103437195,0.454943729173399,1.24856897898356,0.423285871174991,31.3006284598339,52.434892984214,15.1604821990173,0,0,0,1.80987808224174,0.479676467756593,1.76999137430032,0.509840195556551,1.26266956273992,0.102857315940391,5.65715237672151,5.6,1.93103448275862,76.35,11.5681818181818,0,160.85,TREMPER KILL NEAR ANDES NY,Ref,NorthEast,85.6287,02,42.120087,-74.818493,NY,yes,yes,72,60,20,62,1,62,0.533,3.365,154,13,82,8b,APPALACHIAN HIGHLANDS,APPALACHIAN PLATEAUS,CATSKILL,8,"c(1725162.2748, 2317401.2757)"
01423000,3.70376043805613,2.22675995893224,0.142460684938053,0.217830297712483,0.601215979319906,15.95,1.16,son,211.35,3.00640113798009,son,Siliciclastic sedimentary rocks,0.999860585552546,Water bodies,1.3941444745377e-4,0,0.19,-15.1997,2.43556515478762,1.0759454637435,0.449091906930583,1.37653351139759,0.467035521032611,35.5486953158498,49.4680650316953,14.6728262727242,0,0,0,1.84068784696944,0.496978105834379,1.80698622111887,0.522809848365314,1.47967486676758,0.105298826523015,5.74874674531055,5.15,1.90740740740741,78.65,18.0804597701149,0,162.2,WEST BRANCH DELAWARE RIVER AT WALTON NY,Ref,NorthEast,859.6809,02,42.166196,-75.139891,NY,yes,yes,59,59,20,80,1,80,0.533,3.365,154,13,82,8b,APPALACHIAN HIGHLANDS,APPALACHIAN PLATEAUS,CATSKILL,8,"c(1698287.6479, 2316643.6223)"
01434025,4.43700205338809,2.27243437371663,0.134901264841231,0.23781373120698,0.512155357688285,19.15,1.17846153846154,son,224.8,3.21602288984263,son,Siliciclastic sedimentary rocks,1,NA,0,0,0.19,-15.2,0.833333333333333,0.666170913370351,0.464777927460025,1.04391585257904,0.28944233812127,25.0755053553349,40.2441832503386,12.4725809064824,0,0,0,2.81643958208618,0.634761838781561,1.3568833751885,0.493758123801482,0.738849584355461,0.24465755455488,9.08007418966565,8.3,1.41880341880342,51.65,9.93269230769231,0,163.85,BISCUIT BK ABOVE PIGEON BK AT FROST VALLEY NY,Ref,NorthEast,9.7002,02,41.99537,-74.500987,NY,yes,yes,26,26,20,103,1,103,0.533,3.365,154,13,82,8b,APPALACHIAN HIGHLANDS,APPALACHIAN PLATEAUS,CATSKILL,8,"c(1753711.7717, 2309612.7256)"
01435000,4.31765366187543,2.29707295003422,0.134640859394044,0.223616269388589,0.532018806954623,19.5,1.16766467065868,son,226.65,3.28955007256894,son,Siliciclastic sedimentary rocks,0.999775793066617,Water bodies,2.2420693338275e-4,0,0.19,-15.1995,1.12,0.738995256754289,0.459799234474444,1.1308873424512,0.321615575770031,28.2503429567802,44.204076546489,13.7439960187237,0,0,0,2.96731545763314,0.687251847880788,1.31835989211088,0.540275165102473,1.2464842534082,0.38303107810401,8.71041044280972,6.15,1.41379310344828,39.3,11.3913043478261,0,165.3,NEVERSINK RIVER NEAR CLARYVILLE NY,Ref,NorthEast,172.458,02,41.890092,-74.589879,NY,yes,yes,68,58,20,105,1,105,7.84,23.26,148,165,83,8c,APPALACHIAN HIGHLANDS,APPALACHIAN PLATEAUS,SOUTHERN NEW YORK,8,"c(1749215.0092, 2296495.8002)"
01439500,3.68325804243669,2.34455796030116,0.11775485202199901,0.163765228832016,0.636544584519553,20,1.19402985074627,son,235.75,3.59649122807018,son,Siliciclastic sedimentary rocks,0.998798736196798,Mixed sedimentary rocks,0.00120126380320172,0,0.1848,-15.2772,3.07377049180328,1.50000001490116,0.441740259463183,1.65909531174015,0.631275353555236,40.9731798682243,45.3415153212446,13.7238516863213,0,0,0,2.02736445037383,0.550426939143426,1.67374702409105,0.584467109658076,1.16053667283065,0.119977223693056,5.85488851622114,3.25,2.32142857142857,56.75,15.9859154929577,0,156.1,"Bush Kill at Shoemakers, PA",Ref,NorthEast,305.8776,02,41.088151,-75.037675,PA,yes,yes,101,60,20,112,1,112,7.235,22.16,161,191,62,6b,APPALACHIAN HIGHLANDS,VALLEY AND RIDGE,MIDDLE,6,"c(1732869.836, 2200757.1598)"
01440000,3.5498932238193,2.34301589322382,0.107574487206617,0.147767408338048,0.660024329042491,20.3,1.23780487804878,son,242,3.92857142857143,son,Siliciclastic sedimentary rocks,0.844166670429744,Carbonate sedimentary rocks,0.149521985010988,0.149521985010988,0.1826,-14.227,4.18613138686131,1.50000001490116,0.440099538005506,1.74997097030389,0.501852732005825,32.9532540327668,33.6672494800395,11.1405471833899,0,0.171201351062801,21.4390799334214,1.79709074453516,0.506237971462614,1.64802817461977,0.589172275759407,0.95312010851275,0.160459879567355,5.21932226447269,3.6,1.63636363636364,56.4,15.887323943662,0,159.85,FLAT BROOK NEAR FLATBROOKVILLE NJ,Ref,NorthEast,167.7204,02,41.106667,-74.952222,NJ,yes,yes,86,60,20,114,1,114,7.235,22.16,161,191,62,6b,APPALACHIAN HIGHLANDS,VALLEY AND RIDGE,MIDDLE,6,"c(1739362.7953, 2204340.9436)"
01440400,3.75335112936345,2.33639033538672,0.115866620943282,0.172223371092882,0.622481152138559,20.4,1.17919075144509,son,234.9,3.55639666919001,son,Siliciclastic sedimentary rocks,1,NA,0,0,0.1997,-14.8732,2.48763250883392,1.50000001490116,0.447587579700718,1.44554790043151,0.642701613814475,36.5670824997405,48.6947465142629,14.8301706747292,0,0,0,2.06901143340694,0.551243771791167,1.58784621123023,0.5625869373212,1.14714703934437,0.195491453899225,6.13005344726855,4.45,1.85416666666667,59.85,14.9625,0,156.1,"Brodhead Creek near Analomink, PA",Ref,NorthEast,175.2084,02,41.084815,-75.214625,PA,yes,yes,52,52,20,116,1,116,7.84,23.26,148,165,83,8c,APPALACHIAN HIGHLANDS,APPALACHIAN PLATEAUS,SOUTHERN NEW YORK,8,"c(1718558.1248, 2197179.3648)"
01451800,3.50320739219713,2.41885085557837,0.106707705141109,0.128362665991427,0.690467501571846,23.8,1.23316062176166,son,254.25,4.18863261943987,son,Siliciclastic sedimentary rocks,0.997188070331833,Carbonate sedimentary rocks,0.00281192966816722,0.00281192966816722,0.134,-16.2182,1.03703703703704,0.82783323943802,0.452859000023168,1.24302158650922,0.361222122383353,32.1286624462733,50.37412196724,17.6170251435716,0,0,0,1.75990922716448,0.502370836246927,1.58160098037788,0.477158376006432,1.54839718163361,0.135440577904351,5.9039124251391,10,2,73.35,9.16875,0,153.5,"Jordan Creek near Schnecksville, PA",Ref,EastHghlnds,135.8448,02,40.661762,-75.626854,PA,yes,yes,43,43,20,140,1,140,7.235,22.16,161,191,62,6b,APPALACHIAN HIGHLANDS,VALLEY AND RIDGE,MIDDLE,6,"c(1695082.452, 2143506.4684)"
01510000,3.46229431895962,2.24082006844627,0.140558277002909,0.237057400622962,0.647206696488938,16.2,1.10958904109589,jja,200.85,2.86519258202568,jja,Mixed sedimentary rocks,0.836519363663835,Siliciclastic sedimentary rocks,0.0914729282084141,0.072007708127751,0.1221,-16.0426,3.84269662921348,1.17102140889337,0.460918320231377,1.05486090122948,0.50164258796758,25.245625775956,54.3851817559652,16.0882444716438,0,0,4.22626814000429,1.90006102772175,0.548786686711458,1.76252712319227,0.504188789855325,1.32172099343214,0.127761849946411,6.31143538735271,9.2,2.02197802197802,79.1,16.6526315789474,0,164,OTSELIC RIVER AT CINCINNATUS NY,Ref,NorthEast,382.986,02,42.541181,-75.899642,NY,yes,yes,66,55,20,165,1,165,7.84,23.26,148,165,83,8c,APPALACHIAN HIGHLANDS,APPALACHIAN PLATEAUS,SOUTHERN NEW YORK,8,"c(1628574.6352, 2344303.8456)"
01516500,3.18264339493498,2.26610529774127,0.16448143538388799,0.199238597784613,0.712019857879042,18.25,1.11620795107034,son,232.75,3.35374639769452,son,Siliciclastic sedimentary rocks,1,NA,0,0,0.1734,-15.4207,4.88679245283019,1.50000001490116,0.456920273159915,1.19700277529544,0.656231955830549,29.8200211313667,54.7082430007079,15.5008022528236,0,0,0,1.02918261279843,0.323373524799016,1.62471008061911,0.416854381271141,1.20138366307422,0.0233155229880762,3.57504685817169,15.75,2.14285714285714,122.15,14.121387283237,0,158.45,"Corey Creek near Mainesburg, PA",Ref,NorthEast,31.4838,02,41.790907,-77.014688,PA,yes,yes,55,55,20,172,1,172,2.999,11.795,162,204,84,8d,APPALACHIAN HIGHLANDS,APPALACHIAN PLATEAUS,ALLEGHENY MOUNTAIN,8,"c(1556124.3107, 2243476.8174)"
01518862,3.03164134154689,2.26778507871321,0.219951114054223,0.201111344911574,0.748038710131879,18.5,1.13846153846154,jja,221.2,3.2197962154294,son,Siliciclastic sedimentary rocks,1,NA,0,0,0.1615,-15.7286,3.42744063324538,1.32633293336997,0.458989326622206,1.15438890690994,0.577010157505456,26.9262503675359,53.5432823520312,14.0250395473975,0,0,5.56976177900609,1.19837841033994,0.395290298333401,1.74560453254043,0.429466195403569,1.64372105819724,0.0345162639490019,4.2862924140306,16.25,2.32142857142857,120.15,13.8901734104046,0,163.65,"Cowanesque River at Westfield, PA",Ref,NorthEast,233.9109,02,41.923126,-77.53193,PA,yes,yes,26,26,20,177,1,177,7.84,23.26,148,165,83,8c,APPALACHIAN HIGHLANDS,APPALACHIAN PLATEAUS,SOUTHERN NEW YORK,8,"c(1511414.7772, 2249635.3406)"
01532000,3.19507871321013,2.2969073100616,0.165405170969813,0.176741266621108,0.718889115490327,18.8,1.11904761904762,son,230.75,3.31061692969871,son,Siliciclastic sedimentary rocks,1,NA,0,0,0.1949,-14.736,3.3572228443449,1.49993662137042,0.453964374813105,1.26622129644483,0.654835128669919,31.8887735214922,52.6443134275643,15.5473393190907,0,0,0.00226405465976754,1.34774802273946,0.421819974940574,1.5690267488535,0.436231935738121,1.67630497305373,0.0388667812413428,4.63751367084204,14.35,2.15789473684211,101.2,13.6756756756757,0,150.8,"Towanda Creek near Monroeton, PA",Ref,NorthEast,553.941,02,41.70702,-76.484665,PA,yes,yes,95,60,20,196,1,196,7.84,23.26,148,165,83,8c,APPALACHIAN HIGHLANDS,APPALACHIAN PLATEAUS,SOUTHERN NEW YORK,8,"c(1600877.5328, 2243085.8189)"
01539000,3.42342778918549,2.36010184804928,0.139032279637061,0.156285913306627,0.689397292241646,20.4,1.13649025069638,son,236,3.53029169783096,son,Siliciclastic sedimentary rocks,1,NA,0,0,0.1661,-15.5264,4.59606791778374,1.38953896328207,0.452573329638398,1.28193146523424,0.609439619802941,32.8468965828167,51.6198496723895,15.632641118926,0.100697825019223,0,0,1.7784964377676,0.519507507471259,1.6869765430393,0.518896819455807,1.40648448631555,0.128990987468018,5.50129130336571,6.35,1.92424242424242,67.55,14.0729166666667,0,154.25,"Fishing Creek near Bloomsburg, PA",Ref,EastHghlnds,701.7795,02,41.078141,-76.431056,PA,yes,yes,71,60,20,207,1,207,7.235,22.16,161,191,62,6b,APPALACHIAN HIGHLANDS,VALLEY AND RIDGE,MIDDLE,6,"c(1619605.8865, 2175084.2697)"
01542810,3.42252840520192,2.26875292265572,0.176183031608911,0.189716485804691,0.662887974635193,15.85,1.11228070175439,jja,207.3,2.98488120950324,jja,Siliciclastic sedimentary rocks,1,NA,0,0,0.1953,-15.0206,0.96,1.50000001490116,0.45481541888706,1.1963057381648,0.67067382014712,31.0181259929128,52.4006599316702,16.5914654135243,0,0,0,1.59920512670015,0.467258394194627,1.667859602496,0.386466354314944,1.41962584997273,0.0413151523844511,6.28708840632952,18.55,2.34810126582278,119.45,14.6564417177914,0,157.8,"Waldy Run near Emporium, PA",Ref,NorthEast,13.6242,02,41.578952,-78.292512,PA,yes,yes,45,45,20,215,1,215,14.048,21.081,156,199,85,8e,APPALACHIAN HIGHLANDS,APPALACHIAN PLATEAUS,KANAWHA,8,"c(1457041.2756, 2199940.7922)"
01543000,3.39001916495551,2.27667656399726,0.171896450036472,0.188056577083995,0.671582210369935,16.45,1.09302325581395,jja,211.05,3.01715511079342,son,Siliciclastic sedimentary rocks,1,NA,0,0,0.2067,-14.6131,0.992888888888889,1.50000001490115,0.450639310807043,1.30108787773824,0.662028870792183,33.9370853608718,49.3459443302146,16.6757512986935,0,0,0,1.64794461197671,0.486116606363887,1.7344986483274,0.448967038468495,1.93780367076782,0.0589536276035855,5.96471996930395,11.6,2.20952380952381,96.6,12.1509433962264,0,159.8,"Driftwood Br Sinnemahoning Cr at Sterling Run, PA",Ref,NorthEast,705.4974,02,41.413396,-78.196952,PA,yes,yes,96,60,20,216,1,216,14.048,21.081,156,199,85,8e,APPALACHIAN HIGHLANDS,APPALACHIAN PLATEAUS,KANAWHA,8,"c(1468263.3415, 2183204.367)"
01543500,3.40892950034223,2.2839264476386,0.17043837870638,0.181653610941671,0.669983479391203,17.1,1.0926517571885,jja,210.65,3.02223816355811,son,Siliciclastic sedimentary rocks,1,NA,0,0,0.2146,-14.3537,1.02002145155524,1.45589777697631,0.448123662955262,1.35318826389979,0.635270958656151,35.5933999168277,47.2992408538476,17.1181328725411,0,0,0,1.63054821091537,0.478316788526037,1.79669094630527,0.482957364176171,2.05031436983567,0.0619121498260637,5.67940787737757,8.45,2.13924050632911,89.8,15.7543859649123,0,163.75,"Sinnemahoning Creek at Sinnemahoning, PA",Ref,NorthEast,1778.258,02,41.317285,-78.10306,PA,yes,yes,71,60,20,217,1,217,2.999,11.795,162,204,84,8d,APPALACHIAN HIGHLANDS,APPALACHIAN PLATEAUS,ALLEGHENY MOUNTAIN,8,"c(1477929.5222, 2174090.5307)"
01544500,3.36351950718686,2.29069518138261,0.169194741715045,0.20336289315932,0.681041146480069,17.5,1.10759493670886,jja,217.6,3.0712773465067,son,Siliciclastic sedimentary rocks,1,NA,0,0,0.1897,-15.1862,0.951807228915663,1.46043889569856,0.446212022409578,1.39919845445597,0.62793912349805,36.2920825879237,45.6773858241726,16.5166532219653,0,0,1.54687392758691,1.63421730305854,0.485865266892819,1.76324322488628,0.485230737581888,1.03998874656978,0.0757965724132169,5.65028994353072,8.45,2.31506849315068,91.15,15.3193277310924,0,160.6,"Kettle Creek at Cross Fork, PA",Ref,NorthEast,355.0644,02,41.475899,-77.825825,PA,yes,yes,69,60,20,219,1,219,2.999,11.795,162,204,84,8d,APPALACHIAN HIGHLANDS,APPALACHIAN PLATEAUS,ALLEGHENY MOUNTAIN,8,"c(1497171.2271, 2195865.7562)"
01545600,3.3845749486653,2.29803195071869,0.170227599082201,0.192645540908709,0.678972097109243,17.55,1.09006211180124,jja,219.95,3.09788732394366,jja,Siliciclastic sedimentary rocks,1,NA,0,0,0.2206,-14.1559,0.970149253731343,1.49541546411448,0.432630012106008,1.88470304975679,0.629820621543678,46.6105337242857,36.8963632376089,16.3127794290042,0,0,0.183382031467249,1.51791098110689,0.448479056936079,1.75019160883107,0.514876335595222,1.06958327839606,0.065242014547968,5.0725666311045,6.85,2.63461538461538,84.6,17.4432989690722,0,164.35,"Young Womans Creek near Renovo, PA",Ref,NorthEast,119.9975,02,41.389512,-77.690819,PA,yes,yes,44,44,20,222,1,222,2.999,11.795,162,204,84,8d,APPALACHIAN HIGHLANDS,APPALACHIAN PLATEAUS,ALLEGHENY MOUNTAIN,8,"c(1510006.8813, 2188509.9509)"
01547700,3.13501300479124,2.34739815195072,0.138997636961363,0.156172998266035,0.748768234250764,20.4,1.13333333333333,jja,229.7,3.32657494569153,son,Siliciclastic sedimentary rocks,0.997024729715006,Carbonate sedimentary rocks,0.00297527028499441,0.00297527028499441,0.1826,-15.1697,1.20967741935484,1.1191393896135,0.455840591715829,1.16235546560116,0.493580337288422,30.5681356433769,53.8460815736749,15.5477180285832,0,0,0,1.34796520855921,0.429971169656749,1.84077502895272,0.442897107242556,2.38480397517291,0.0387866477187585,4.82678282722328,15.45,2.8348623853211,116.05,14.1524390243902,0,158.65,"Marsh Creek at Blanchard, PA",Ref,EastHghlnds,113.5386,02,41.059509,-77.605826,PA,yes,yes,54,54,20,228,1,228,7.235,22.16,161,191,62,6b,APPALACHIAN HIGHLANDS,VALLEY AND RIDGE,MIDDLE,6,"c(1524035.1377, 2153608.922)"
01548500,3.15334565366188,2.27178221765914,0.179163892505052,0.202088630482319,0.720435520609989,18.1,1.12074303405573,jja,221,3.17757009345794,son,Siliciclastic sedimentary rocks,1,NA,0,0,0.2004,-14.8083,1.02956662616444,1.33911099166599,0.455161394937659,1.22172520254708,0.571262014211426,29.4829323471052,50.4513237517423,14.6721930313455,0,0,5.47929869957453,1.43544359605518,0.455212892499828,1.72819889426657,0.494162982650303,1.10720797436017,0.0848496062808742,5.01241192659239,8.9,2.50704225352113,88.7,16.4259259259259,0,162.2,"Pine Creek at Cedar Run, PA",Ref,NorthEast,1557.047,02,41.521736,-77.44748,PA,yes,yes,91,60,20,232,1,232,2.999,11.795,162,204,84,8d,APPALACHIAN HIGHLANDS,APPALACHIAN PLATEAUS,ALLEGHENY MOUNTAIN,8,"c(1526950.9439, 2206920.2648)"
01549500,3.33222587268994,2.29380824093087,0.149932720435469,0.186519052942025,0.688371175474727,19.05,1.20569620253165,son,234.5,3.51837959489872,son,Siliciclastic sedimentary rocks,1,NA,0,0,0.1958,-15.0026,0.950920245398773,1.46419427086402,0.454524346716539,1.25202873922944,0.634780048275696,31.2892992356175,52.5368454407858,15.5596470577413,0,0,0.619790281459587,1.51114706186231,0.453494786847218,1.66070246009029,0.471683754996156,1.00829010161093,0.0577200097934377,5.06430346796334,11.4,2.375,94.2,13.0833333333333,0,154.6,"Blockhouse Creek near English Center, PA",Ref,NorthEast,97.4853,02,41.473683,-77.230809,PA,yes,yes,69,60,20,233,1,233,2.999,11.795,162,204,84,8d,APPALACHIAN HIGHLANDS,APPALACHIAN PLATEAUS,ALLEGHENY MOUNTAIN,8,"c(1545608.0665, 2205148.0563)"
01550000,3.3697659137577,2.29290721423682,0.154280420357333,0.179825512854574,0.680435161645977,17.8,1.20677966101695,son,230.85,3.47404063205418,son,Siliciclastic sedimentary rocks,1,NA,0,0,0.2116,-14.3602,1.17236662106703,1.29454564435731,0.457007220352874,1.19884972991167,0.542218006003664,27.68659000369,50.8205656927695,14.2454752409192,0,0,7.33765605961199,1.67291947124337,0.496449757656269,1.74260256807022,0.49511430341099,1.56375710036878,0.0918789968064187,5.56678627709478,8.75,1.94444444444444,82.7,14.0169491525424,0,155.6,"Lycoming Creek near Trout Run, PA",Ref,NorthEast,452.6757,02,41.41841,-77.032746,PA,yes,yes,95,60,20,235,1,235,2.999,11.795,162,204,84,8d,APPALACHIAN HIGHLANDS,APPALACHIAN PLATEAUS,ALLEGHENY MOUNTAIN,8,"c(1562928.807, 2202322.1734)"
01552000,3.47699794661191,2.31166417522245,0.153983558785624,0.17305912288721,0.664844849124805,18.55,1.17034700315457,son,224.9,3.40757575757576,son,Siliciclastic sedimentary rocks,1,NA,0,0,0.2093,-14.4365,3.89556428972487,1.45498701460431,0.45126146279684,1.33282134068244,0.628217324546618,33.4436347776731,50.0495184257044,15.4181241654977,0,0,1.17133395519173,1.71924967115064,0.494463815495184,1.6708611448027,0.51054949836829,1.21432539065678,0.110470524593391,5.45854356814401,6.35,1.71621621621622,67.15,13.2970297029703,0,150.15,"Loyalsock Creek at Loyalsockville, PA",Ref,NorthEast,1129.486,02,41.325078,-76.912464,PA,yes,yes,83,59,20,237,1,237,7.235,22.16,161,191,62,6b,APPALACHIAN HIGHLANDS,VALLEY AND RIDGE,MIDDLE,6,"c(1574791.2779, 2194069.3386)"
01552500,3.6230855578371,2.29199939767283,0.13878699868632,0.185169707979555,0.632609791042611,19.6,1.1264367816092,son,230.95,3.37646198830409,son,Siliciclastic sedimentary rocks,1,NA,0,0,0.1948,-15.0374,1.66346153846154,1.50000001490116,0.451239662199873,1.33783280462134,0.653209125516935,33.7918409405477,50.7202833920685,15.6106044987819,0,0,0,1.98256601630074,0.547203753444974,1.60336053021287,0.484827872972471,1.1824889906512,0.108933937549172,6.09223132219441,6.9,1.55056179775281,72.55,10.290780141844,0,149.15,"Muncy Creek near Sonestown, PA",Ref,NorthEast,60.6384,02,41.357024,-76.534671,PA,yes,yes,69,60,20,238,1,238,2.999,11.795,162,204,84,8d,APPALACHIAN HIGHLANDS,APPALACHIAN PLATEAUS,ALLEGHENY MOUNTAIN,8,"c(1604800.4264, 2203892.1054)"
01557500,3.15309924709103,2.35959611225188,0.142811219027817,0.15867182381751,0.748341846336992,18.95,1.12462908011869,jja,229.7,3.40044411547002,son,Siliciclastic sedimentary rocks,0.926013295061592,Carbonate sedimentary rocks,0.0459601055434723,0.0459601055434723,0.1592,-15.272,1.11578947368421,1.16689687605783,0.447073834044587,1.36442803298137,0.503174676832657,36.5562069120751,47.1938620459259,16.2604111899087,0,0,0,1.59941790172491,0.507252635070237,1.76891150738684,0.530439750077974,1.62476427003451,0.120949528270843,5.4957768109032,7.8,1.90243902439024,87.5,13.2575757575758,0,165.2,"Bald Eagle Creek at Tyrone, PA",Ref,EastHghlnds,115.2963,02,40.683673,-78.233624,PA,yes,yes,65,60,20,246,1,246,7.235,22.16,161,191,62,6b,APPALACHIAN HIGHLANDS,VALLEY AND RIDGE,MIDDLE,6,"c(1480460.2954, 2102356.0775)"
01567500,3.21283915126626,2.43381370294319,0.112811392208755,0.126036065938383,0.757527404378139,21.3,1.21367521367521,son,253.1,4.22185154295246,son,Siliciclastic sedimentary rocks,0.551590718676682,Carbonate sedimentary rocks,0.225621090995123,0.225621090995123,0.1141,-14.897,0.892307692307692,1.41634858401664,0.458927241167573,0.914900533968456,0.642425437675444,26.4416129583005,50.6846330474782,23.0423471125422,0,0,0,1.2966135937239,0.403572520340108,1.46006944907113,0.553409319445927,1.64536187419807,0.220867021135435,3.97560638043782,8.55,1.8,41.25,7.56880733944954,0,162.85,"Bixler Run near Loysville, PA",Ref,EastHghlnds,38.7729,02,40.370916,-77.402209,PA,yes,yes,55,55,20,258,1,258,7.235,22.16,161,191,62,6b,APPALACHIAN HIGHLANDS,VALLEY AND RIDGE,MIDDLE,6,"c(1555687.2091, 2081243.4054)"
01568000,3.3297015742642,2.42495415468857,0.104799526495014,0.128510858031358,0.72827972735798,21.2,1.23255813953488,son,248.7,4.21525423728814,son,Siliciclastic sedimentary rocks,0.531926570659407,Mixed sedimentary rocks,0.2126421097036,0.113782284235811,0.1027,-15.5296,1.0297619047619,1.36085190178765,0.444740843702697,1.2911201089101,0.592339233279741,37.5156358684056,43.6902276453403,18.8836577409902,0,0,0,1.42334696665279,0.427469830225647,1.68624894497609,0.517278236493741,1.78634257291124,0.123612978779202,4.6240410580368,10.05,1.7787610619469,85.4,12.2877697841727,0,161.75,"Sherman Creek at Shermans Dale, PA",Ref,EastHghlnds,534.3948,02,40.323419,-77.16887,PA,yes,yes,80,60,20,259,1,259,7.235,22.16,161,191,62,6b,APPALACHIAN HIGHLANDS,VALLEY AND RIDGE,MIDDLE,6,"c(1575998.7059, 2079870.0507)"
01594950,3.92110335386721,2.45343430527036,0.0678195614528781,0.189214297334908,0.625699983870776,15.25,1.10108303249097,jja,194.25,2.84198975859546,son,Siliciclastic sedimentary rocks,1,NA,0,0,0.1321,-16.2759,1,0.800000011920929,0.44446375,1.54784150306223,0.36200000539422,38.625,46.125,15.375,0,0,0,1.80376842052541,0.460015525667394,2.23643727822973,0.468280719879937,1.69636920814356,0.0199883623002353,6.3962759360753,8.55,1.72727272727273,116.85,15.2745098039216,0.00917180013689254,163.55,"MCMILLAN F NEAR FORT PENDLETON, MD",Ref,EastHghlnds,6.1182,02,39.27669,-79.39031,MD,yes,yes,23,23,20,271,1,271,2.999,11.795,162,204,84,8d,APPALACHIAN HIGHLANDS,APPALACHIAN PLATEAUS,ALLEGHENY MOUNTAIN,8,"c(1412505.4171, 1929673.8133)"
01596500,3.31426557152635,2.43686744695414,0.101570564796358,0.188402157557544,0.735266198306452,19.15,1.09116809116809,mam,223.15,3.25528811086798,son,Siliciclastic sedimentary rocks,1,NA,0,0,0.1762,-15.2383,1,1.0101072371213,0.444503427735228,1.49455271731143,0.367686861603612,32.2242222591353,39.3572785721828,13.2539482579988,0,0,15.2086993797061,1.53661247899157,0.463635893331234,1.81922288196779,0.441481526371212,1.85521439330626,0.0471061476880635,6.21408598251702,17.75,2.46527777777778,118.7,14.9308176100629,0,162.4,"SAVAGE RIVER NEAR BARTON, MD",Ref,EastHghlnds,124.6505,02,39.570056,-79.101944,MD,yes,yes,61,60,20,277,1,277,2.999,11.795,162,204,84,8d,APPALACHIAN HIGHLANDS,APPALACHIAN PLATEAUS,ALLEGHENY MOUNTAIN,8,"c(1430956.2406, 1966356.2126)"
01605500,3.20968925393566,2.51657186858316,0.0983997937787151,0.137136101417764,0.784054676164488,19.15,1.24350649350649,mam,232.35,3.82469135802469,son,Siliciclastic sedimentary rocks,0.642279561600673,Mixed sedimentary rocks,0.192518710553239,0.165201727846088,0.1845,-13.8824,0.950413223140496,0.882129821915543,0.43757528201439,1.62646703085091,0.363314624232639,43.1488586392211,38.4239930530496,15.8929609151095,0,0,0.482946372639586,1.00959725724073,0.314546729407771,1.50398177264464,0.544434859625252,1.90503009613894,0.158234917250111,3.1857963339689,8.85,2.39189189189189,56.25,10.1351351351351,0,173.6,"SOUTH BRANCH POTOMAC RIVER AT FRANKLIN, WV",Ref,EastHghlnds,463.8492,02,38.635672,-79.33782,WV,yes,yes,62,53,20,289,1,289,7.235,22.16,161,191,62,6b,APPALACHIAN HIGHLANDS,VALLEY AND RIDGE,MIDDLE,6,"c(1429455.9345, 1859709.8801)"
01606500,3.36347707049966,2.49905597535934,0.0995538398003471,0.148750518921295,0.742997773725896,17,1.19298245614035,mam,214.95,3.39841897233202,son,Siliciclastic sedimentary rocks,0.653422514096553,Carbonate sedimentary rocks,0.218157715931334,0.218157715931334,0.1651,-14.1648,0.950409996095275,0.943515069981119,0.445370004171872,1.36167458773623,0.388659076594702,36.4816877061335,42.4483707789323,16.6809577710109,0,0,2.87343839357392,1.21023702242715,0.35981723587233,1.70438134279501,0.518890696452234,2.07378631355448,0.113284196107451,4.19732470192991,11,2.41758241758242,90.35,15.3135593220339,0,171.85,"SO. BRANCH POTOMAC RIVER NR PETERSBURG, WV",Ref,EastHghlnds,1684.547,02,38.991221,-79.175871,WV,yes,yes,81,60,20,291,1,291,7.235,22.16,161,191,62,6b,APPALACHIAN HIGHLANDS,VALLEY AND RIDGE,MIDDLE,6,"c(1436186.5966, 1901386.3138)"
01613050,3.08850513347023,2.44674617385352,0.12290865041956,0.130491593433601,0.792210492816755,21,1.15384615384615,jja,246.7,3.86980392156863,son,Siliciclastic sedimentary rocks,1,NA,0,0,0.1863,-15.2693,0.931818181818182,1.27338914313529,0.432171149152092,1.97418488332913,0.496052235509064,43.7507157885964,34.533809575076,14.2722164253061,0,0,7.56341036876501,1.23865198318043,0.401052266275073,1.69479930132314,0.418222660913511,2.08106262575762,0.00964599677456516,4.99838014682013,25.45,3.22151898734177,139.15,17.39375,0.010403832991102,163.8,"Tonoloway Creek near Needmore, PA",Ref,EastHghlnds,27.8982,02,39.898421,-78.132229,PA,yes,yes,42,42,20,300,1,300,7.235,22.16,161,191,62,6b,APPALACHIAN HIGHLANDS,VALLEY AND RIDGE,MIDDLE,6,"c(1505252.5868, 2017519.9228)"
01620500,3.3986160164271,2.52771782340862,0.1758565372308,0.123997407649528,0.743749164716161,22.25,1.27507163323782,jja,252.15,4.48665480427046,son,Siliciclastic sedimentary rocks,1,NA,0,0,0.15,-15.9424,0.95,0.980107516050228,0.437617742613189,1.68078794394193,0.415023993669883,43.2454176642917,40.5775193847727,16.1453089284228,0,0,0,1.63257950289079,0.480365976915241,1.49207861509594,0.414732516292679,1.98393488163238,0.0399195384052442,5.4684299185266,14.85,2.72477064220183,116.9,32.4722222222222,0,172.05,"NORTH RIVER NEAR STOKESVILLE, VA",Ref,EastHghlnds,44.74026,02,38.337626,-79.240036,VA,yes,yes,63,60,20,317,1,317,7.235,22.16,161,191,62,6b,APPALACHIAN HIGHLANDS,VALLEY AND RIDGE,MIDDLE,6,"c(1443619.0916, 1828296.0818)"
01632000,2.93104038329911,2.54998795345654,0.219424492400899,0.110024870103334,0.869994138595365,20.55,1.22321428571429,jja,247.75,4.29376083188908,son,Siliciclastic sedimentary rocks,0.904374610412785,Mixed sedimentary rocks,0.0815657883426893,0.0140596012445258,0.1627,-15.5394,1.09277108433735,0.841600537689537,0.443421976458632,1.48840759431628,0.361665749203491,39.0784738378001,44.4034026608366,16.4502451126818,0,0,0,0.946655484962209,0.322975927031301,1.5278155857037,0.391340570141825,1.67304116673991,0.0171101793895124,3.48057070212975,23.95,3.05095541401274,140.2,23.563025210084,0,173.7,"N F SHENANDOAH RIVER AT COOTES STORE, VA",Ref,EastHghlnds,543.357,02,38.637063,-78.852803,VA,yes,yes,84,60,20,329,1,329,7.235,22.16,161,191,62,6b,APPALACHIAN HIGHLANDS,VALLEY AND RIDGE,MIDDLE,6,"c(1470591.752, 1867263.6716)"
01632900,2.90811225188227,2.59282922655715,0.21511509838191,0.0980763292373855,0.891584987779941,21.45,1.19832402234637,jja,251.6,4.37185056472632,son,Carbonate sedimentary rocks,0.600787374828891,Siliciclastic sedimentary rocks,0.390739777455612,0.600787374828891,0.118,-12.9503,1.0594315245478,1.07074302685037,0.449471372055886,0.731771062614693,0.48556388670407,29.7091764839244,34.1103513910843,36.0583711809268,0,0,0,0.799203450500426,0.27481863878643,1.47637689693793,0.592229401683872,2.65813269814611,0.119807821042994,2.41612439103371,8.1,1.88372093023256,46.1,11.525,0,172.5,"SMITH CREEK NEAR NEW MARKET, VA",Ref,EastHghlnds,245.0484,02,38.69345,-78.642794,VA,yes,yes,49,49,20,331,1,331,7.235,22.16,161,191,62,6b,APPALACHIAN HIGHLANDS,VALLEY AND RIDGE,MIDDLE,6,"c(1487255.3143, 1876748.2988)"
01634500,2.97918001368925,2.52366402464066,0.217653092829487,0.114828393813144,0.847100213160832,22,1.14583333333333,jja,257.35,4.45242214532872,son,Siliciclastic sedimentary rocks,0.763323565139575,Mixed sedimentary rocks,0.226186983282488,0.0104894515779372,0.1807,-15.0288,0.901960784313726,0.843774246829741,0.442908684950395,1.39016012545165,0.361422925762247,39.0388732931915,43.021840278183,17.9894999277678,0,0,0,0.990485105439823,0.332469035401879,1.49259367705532,0.482440402221566,2.88162335544957,0.0852659103683952,3.39210034726442,14.55,2.34677419354839,106.55,12.3895348837209,0,171.4,"CEDAR CREEK NEAR WINCHESTER, VA",Ref,EastHghlnds,263.9817,02,39.081218,-78.329449,VA,yes,yes,72,60,20,334,1,334,7.235,22.16,161,191,62,6b,APPALACHIAN HIGHLANDS,VALLEY AND RIDGE,MIDDLE,6,"c(1505762.0206, 1924409.1627)"
02011400,3.28856536618754,2.54304951403149,0.0716663925589396,0.129154721501962,0.773300582733942,20.1,1.22188449848024,mam,236.65,3.75634920634921,son,Siliciclastic sedimentary rocks,0.602931221853005,Mixed sedimentary rocks,0.388764826510665,0.00749079206052457,0.1903,-14.6756,0.941269841269841,0.946663426015355,0.435315218333702,1.54878793660666,0.406893714370668,44.1010728357166,37.01010419614,18.6065264493511,0,0,0.31290726706079,0.992886458828164,0.301920852489919,1.70320151945236,0.541782728707136,1.9942077424853,0.12601316211254,3.22713707543447,9.4,2.08888888888889,73.75,13.0530973451327,0,171.45,"JACKSON RIVER NEAR BACOVA, VA",Ref,EastHghlnds,407.7162,02,38.042347,-79.881444,VA,yes,yes,35,35,20,348,1,348,7.235,22.16,161,191,62,6b,APPALACHIAN HIGHLANDS,VALLEY AND RIDGE,MIDDLE,6,"c(1394499.545, 1786115.8192)"
02011460,3.40426694045175,2.51674332648871,0.051831815560601,0.148878264866293,0.739290828396299,19.15,1.20820189274448,mam,231.8,3.5937984496124,son,Siliciclastic sedimentary rocks,0.907235232209663,Mixed sedimentary rocks,0.0885403388285152,0,0.1663,-15.5249,0.905555555555556,0.882594956412675,0.436367417885153,1.64366061340536,0.371630203528218,43.4922074484607,38.6246761158564,16.7479062862622,0,0,1.19774792580442,1.45813253591016,0.428324970225943,1.78871138734071,0.446487037803338,1.63149965909414,0.0579015576214057,5.07029855927985,13.8,1.95744680851064,111.2,16.4740740740741,0,164.35,"BACK CREEK NEAR SUNRISE, VA",Ref,EastHghlnds,156.3408,02,38.245401,-79.768663,VA,yes,yes,35,35,20,349,1,349,7.235,22.16,161,191,62,6b,APPALACHIAN HIGHLANDS,VALLEY AND RIDGE,MIDDLE,6,"c(1400293.7246, 1810204.5815)"
02013000,3.0362765229295,2.59555998631075,0.109973830766796,0.0979143372407574,0.854849670874662,20.65,1.1699716713881,mam,242.6,3.79953014878622,son,Siliciclastic sedimentary rocks,0.845477711361184,Mixed sedimentary rocks,0.0952784034747456,0.0592438851640706,0.166,-15.1955,0.945701357466063,0.923336631996429,0.436344843703451,1.48856902561845,0.395815158369576,43.3881370169472,37.5299143094755,18.7912347789645,0,0,0.226991390672856,0.977041522304727,0.32178937423066,1.53626473175612,0.455218847149974,1.60109515532406,0.0863944469683884,3.44425861913975,18.2,2.34838709677419,112.95,18.072,0,168.55,"DUNLAP CREEK NEAR COVINGTON, VA",Ref,EastHghlnds,424.7766,02,37.802902,-80.047004,VA,yes,yes,81,60,20,355,1,355,7.235,22.16,161,191,62,6b,APPALACHIAN HIGHLANDS,VALLEY AND RIDGE,MIDDLE,6,"c(1384795.5435, 1757238.7682)"
02014000,3.1245735797399,2.5485292128679,0.119622697334622,0.0978680841760858,0.815640645940571,21.15,1.18487394957983,mam,241.15,3.83691328560064,son,Siliciclastic sedimentary rocks,0.806181306945497,Mixed sedimentary rocks,0.185444753536585,0.00837393951791807,0.1647,-15.4203,0.951666666666667,1.011731517801,0.436054400692012,1.51987952063704,0.437150594944891,43.6376985565976,37.4520918757974,18.8650469124821,0,0,0,1.06566502349611,0.341059346595645,1.73583883431472,0.542675134508477,1.70538034515475,0.141819742798585,3.36667737252292,9.3,2.21428571428571,75.1,12.1129032258065,0,173,"POTTS CREEK NEAR COVINGTON, VA",Ref,EastHghlnds,396.783,02,37.729014,-80.04228,VA,yes,yes,72,51,20,357,1,357,7.235,22.16,161,191,62,6b,APPALACHIAN HIGHLANDS,VALLEY AND RIDGE,MIDDLE,6,"c(1386585.7885, 1749142.8745)"
02015700,3.19551950718686,2.53775077344285,0.0805015435765321,0.128567248718796,0.794159061691014,20.4,1.25153374233129,mam,242.65,3.98440065681445,son,Siliciclastic sedimentary rocks,0.552382367965338,Mixed sedimentary rocks,0.44625633066481,0.00129320601644648,0.1998,-14.4666,1.02272727272727,0.843481958554417,0.429781217333083,1.9620621478442,0.350838620569635,48.8557283961532,35.4021209843088,15.7936441740012,0,0,0,1.35545952143831,0.424175010789272,1.43730923433701,0.559091949767538,1.62371760230727,0.282880743502717,3.97747469652305,8.15,1.75268817204301,11.9,7,0,171.05,"BULLPASTURE RIVER AT WILLIAMSVILLE, VA",Ref,EastHghlnds,285.4062,02,38.195403,-79.570323,VA,yes,yes,49,49,20,358,1,358,7.235,22.16,161,191,62,6b,APPALACHIAN HIGHLANDS,VALLEY AND RIDGE,MIDDLE,6,"c(1418198.9698, 1807624.2226)"
02016000,3.14481451060917,2.57381968514716,0.100530522771781,0.102077363429123,0.818432908034564,21.55,1.21067415730337,mam,243.8,4.07692307692308,son,Siliciclastic sedimentary rocks,0.74776708258271,Mixed sedimentary rocks,0.251907256519417,3.0937060799162e-4,0.1715,-15.2353,1.01385809312639,0.884824261732569,0.437259278365103,1.64019378630426,0.379562056400789,43.3410444685166,39.8783493312,16.7471310529829,0,0,0,1.15571291620652,0.367497959675417,1.50172248861865,0.49776856329352,1.79524111453413,0.161801069941279,3.84635961202179,12.3,1.95238095238095,74.85,15.2755102040816,0,170.3,"COWPASTURE RIVER NEAR CLIFTON FORGE, VA",Ref,EastHghlnds,1194.551,02,37.791796,-79.759492,VA,yes,yes,84,60,20,359,1,359,7.235,22.16,161,191,62,6b,APPALACHIAN HIGHLANDS,VALLEY AND RIDGE,MIDDLE,6,"c(1409723.4469, 1760239.0566)"
02017500,3.0252977412731,2.59903960301164,0.140471368476262,0.0901845265568014,0.859102086896714,21.15,1.19154929577465,mam,243.95,4.03890728476821,son,Siliciclastic sedimentary rocks,0.691671969416604,Mixed sedimentary rocks,0.294438551481203,0.0138894791021928,0.1698,-15.1362,1.04576659038902,0.999781040783123,0.435442565885331,1.60985115056244,0.426827958081781,44.3547083551262,37.8439117232113,17.7668871632125,0,0,0,1.1691096871465,0.386444504683533,1.92896199022554,0.511085489851109,1.64859488017618,0.0877099326486805,4.14451580737906,14.5,2.56637168141593,119.65,19.6147540983607,0,171.4,"JOHNS CREEK AT NEW CASTLE, VA",Ref,EastHghlnds,276.1497,02,37.50624,-80.106715,VA,yes,yes,83,60,20,361,1,361,7.235,22.16,161,191,62,6b,APPALACHIAN HIGHLANDS,VALLEY AND RIDGE,MIDDLE,6,"c(1385195.4212, 1723585.8241)"
02018000,3.05576454483231,2.62078272416153,0.134268102907456,0.0849686144296571,0.857652049335285,21,1.23529411764706,mam,242,4.0672268907563,son,Siliciclastic sedimentary rocks,0.757566645185594,Mixed sedimentary rocks,0.224710922823038,0.017722431991368,0.1626,-15.3324,1.00698215671063,0.972914070200141,0.43484175554073,1.64298738062926,0.413146456699703,44.859566561121,37.6523255738213,17.4531349796719,0,0,0,1.11380313618585,0.364492460019353,1.7493286232998,0.509781835040029,1.33111231201137,0.114816882725147,3.92673738920002,13.2,2.27586206896552,101.65,20.1287128712871,0,170.05,"CRAIG CREEK AT PARR, VA",Ref,EastHghlnds,852.3431,02,37.665962,-79.911439,VA,yes,yes,84,60,20,362,1,362,7.235,22.16,161,191,62,6b,APPALACHIAN HIGHLANDS,VALLEY AND RIDGE,MIDDLE,6,"c(1399037.0233, 1744094.0469)"
02027500,3.66553456536619,2.6407699247091,0.118218557988777,0.100786018307687,0.720432416504928,22.15,1.22375690607735,mam,261.15,4.585601404741,son,Acid plutonic rocks,0.621209557109168,Metamorphics,0.324502574527539,0,0.01,-14.1,0.959183673469388,1.07135413880981,0.465628803306849,0.830738663583129,0.461277574544819,21.2166661049926,50.3334417519923,20.3817619120453,0,0,3.28911006976043,1.84530362023873,0.503420057110929,1.72642923773163,0.571559293704684,0.757294270560196,0.12695057152191,5.45490737008205,4.5,1.83673469387755,74.1,13.5963302752294,0,162.4,"PINEY RIVER AT PINEY RIVER, VA",Ref,EastHghlnds,123.3423,02,37.702363,-79.027525,VA,yes,yes,60,60,20,372,1,372,0.782,8.781,226,241,51,5a,APPALACHIAN HIGHLANDS,BLUE RIDGE,NORTHERN,5,"c(1474378.7253, 1761475.2275)"
02028500,3.3264476386037,2.59700162902122,0.150820449112661,0.0802569579048301,0.780713214566435,21.2,1.24705882352941,son,258.5,4.66606498194946,son,Metamorphics,0.604543414575887,Basic volcanic rocks,0.210707796101242,0,0.0271,-13.7687,1.00539083557951,1.2551661101374,0.448584050522581,1.10685896157994,0.555982194849536,33.8359444898709,43.6292554188725,22.6186710859503,0,0,0,1.42776697760516,0.42921672989402,1.73475510213656,0.56085610624023,1.72875302611348,0.0737610879489147,4.53331659448194,7,1.79487179487179,83.45,16.0480769230769,0,164.1,"ROCKFISH RIVER NEAR GREENFIELD, VA",Ref,EastHghlnds,245.4534,02,37.869585,-78.823354,VA,yes,yes,66,60,20,373,1,373,0.782,8.781,226,241,51,5a,APPALACHIAN HIGHLANDS,BLUE RIDGE,NORTHERN,5,"c(1488553.3541, 1783098.35)"
02053800,3.22805612594114,2.66746950034223,0.151225610748777,0.0938172550300136,0.826339256900167,20.75,1.19596541786744,mam,246.85,4.23413379073756,son,Metamorphics,0.480013578181848,Siliciclastic sedimentary rocks,0.326611715977813,0.0729889382588663,0.0496,-14.716,0.990929705215419,1.35337158025801,0.447124784812621,0.887179159542652,0.610525701822638,32.4576526407881,35.6469206271527,31.8522930742156,0,0,1.30943010224805,0.968322424276586,0.299970752210596,1.5546269846752,0.599847891536516,1.86515717676482,0.156876459888424,2.60589230592438,5.8,1.75757575757576,34.4,8.6,0,175.5,"S F ROANOKE RIVER NEAR SHAWSVILLE, VA",Ref,EastHghlnds,280.7226,03,37.140132,-80.266433,VA,yes,yes,49,49,20,374,1,374,7.235,22.16,161,191,62,6b,APPALACHIAN HIGHLANDS,VALLEY AND RIDGE,MIDDLE,6,"c(1378164.5513, 1680803.1555)"
02055100,3.05622997946612,2.6643679945243,0.142290996689215,0.0622119918873982,0.871782559697856,21.8,1.34567901234568,jja,253.9,4.64168190127971,son,Carbonate sedimentary rocks,0.711894666487338,Siliciclastic sedimentary rocks,0.233162934144311,0.711894666487338,0.0855,-12.9343,0.943396226415094,1.07721272343123,0.456791366209225,0.575018856016459,0.501720554788239,22.1948983382831,32.5606099425661,45.1131841903029,0,0,0,0.98135013790746894,0.3210982630564,1.83055756168392,0.620298971455735,1.57763700852463,0.120165793003379,2.72375797474326,5.9,1.61643835616438,46.55,12.4133333333333,0,171.1,"TINKER CREEK NEAR DALEVILLE, VA",Ref,EastHghlnds,30.5352,03,37.417633,-79.935319,VA,yes,yes,53,53,20,378,1,378,7.235,22.16,161,191,62,6b,APPALACHIAN HIGHLANDS,VALLEY AND RIDGE,MIDDLE,6,"c(1401662.4185, 1716308.9395)"
02111180,3.71566872005476,2.72063859000684,0.0890534368813299,0.0460568781002514,0.732206984794584,20.1,1.18934911242604,mam,239.25,4.07580919931857,son,Metamorphics,1,NA,0,0,0.01,-14.1,1.03571428571429,0.906177693311326,0.440771790153861,1.44711802357806,0.377540899168046,39.9708169829452,39.9385849631786,20.188242514487,0,0,0,1.72748798068226,0.464919806052248,1.33840284159942,0.636780747168883,1.70897168506238,0.334968888871061,4.39181432075391,3.9,1.44444444444444,18.95,8.42222222222222,0,176.75,"ELK CREEK AT ELKVILLE, NC",Ref,EastHghlnds,131.4666,03,36.071389,-81.403056,NC,yes,yes,44,44,20,382,1,382,3.91,12.376,299,304,52,5b,APPALACHIAN HIGHLANDS,BLUE RIDGE,SOUTHERN,5,"c(1297735.9528, 1546593.5694)"
02137727,3.981318275154,2.76627763175907,0.0433707275701464,0.0405315310761795,0.69481449122579,18.15,1.2560553633218,djf,237.75,4.23419412288513,son,Metamorphics,0.997922127845432,Siliciclastic sedimentary rocks,0.00207787215456851,0,0.0104,-14.1023,1.04115226337449,1.18421254992371,0.439667123054701,1.45135690351336,0.505794642474395,40.5186359931733,38.432808820635,21.0713887432278,0,0,0,1.75311155928819,0.440334441541321,1.29612943554824,0.680549449870027,2.3339344270149,0.415755994873863,4.23180209068039,2.8,1.30232558139535,10.25,8.54166666666667,0,176.45,"CATAWBA R NR PLEASANT GARDENS, NC",Ref,EastHghlnds,329.544,03,35.685833,-82.060278,NC,yes,yes,29,29,20,383,1,383,3.91,12.376,299,304,52,5b,APPALACHIAN HIGHLANDS,BLUE RIDGE,SOUTHERN,5,"c(1246045.3556, 1495111.3009)"
02149000,3.82159753593429,2.99409058179329,0.0478472780280605,0.029590457635321,0.78346569821652,20.35,1.26791277258567,son,245.6,4.55658627087199,son,Metamorphics,1,NA,0,0,0.01,-14.1,1.05610561056106,1.17191799121664,0.439314424972062,1.35664245068071,0.493341616428037,39.7779091372103,35.4242239096374,24.8674163597262,0,0,0,1.51983772805052,0.397696961482616,1.22041329404058,0.699589032328056,2.35147979186214,0.360055267924768,3.6845655750968,2.55,1.15909090909091,9.9,7.61538461538461,0,173.6,"COVE CREEK NEAR LAKE LURE, NC",Ref,EastHghlnds,203.8527,03,35.423454,-82.111498,NC,yes,yes,58,58,20,386,1,386,3.91,12.376,299,304,52,5b,APPALACHIAN HIGHLANDS,BLUE RIDGE,SOUTHERN,5,"c(1245776.8142, 1465382.4184)"
02177000,5.37447775496235,2.81164224503765,-0.0368598641018398,0.0267395574591906,0.523147061580375,18.95,1.24671052631579,son,231.7,4.18231046931408,son,Metamorphics,0.901321256484654,Acid plutonic rocks,0.0943378719034562,0,0.01,-14.1,1.00392670157068,1.3101613319676,0.431476658637712,1.78285416162325,0.412019443244187,34.9909374266273,27.0212354365479,16.0220718474464,0,0,21.9595875327046,2.91605077386392,0.542573791690081,1.36588775290816,0.733192898381514,2.1456866643598,0.692957213576859,6.78094860470651,0.75,1.15384615384615,9.15,8.31818181818182,0,173.15,"CHATTOOGA RIVER NEAR CLAYTON, GA",Ref,EastHghlnds,526.7736,03,34.813981,-83.305993,GA,yes,yes,70,60,20,388,1,388,3.91,12.376,299,304,52,5b,APPALACHIAN HIGHLANDS,BLUE RIDGE,SOUTHERN,5,"c(1148383.3082, 1382801.5584)"
02178400,5.21309240246407,2.81214142368241,-0.0770469741459704,0.033836252850455,0.539438246357037,20.15,1.27936507936508,djf,236.65,4.18479221927498,son,Metamorphics,0.957112234127722,Acid plutonic rocks,0.0362764598817192,0,0.0101,-14.0994,1.00444444444444,1.50000001490116,0.427656991819368,2.00846176059024,0.482739388184041,37.2321470481298,24.5818707460592,14.8954370891004,9.7039509840614e-4,0,23.2518254353643,2.86573127964186,0.549718105569608,1.29969456545633,0.722336618025632,2.0501929209974,0.711589925992512,6.62425531105754,0.85,1.13333333333333,7.5,6.52173913043478,0,169.8,"TALLULAH RIVER NEAR CLAYTON, GA",Ref,EastHghlnds,151.2753,03,34.890371,-83.530441,GA,yes,yes,45,45,20,389,1,389,3.91,12.376,299,304,52,5b,APPALACHIAN HIGHLANDS,BLUE RIDGE,SOUTHERN,5,"c(1127077.9158, 1388585.2693)"
02384540,4.92782751540041,2.78570169746749,-0.114014018888474,0.0316827871052048,0.565300162954493,19.95,1.21646341463415,djf,255.4,4.51236749116608,son,Siliciclastic sedimentary rocks,1,NA,0,0,0.12,-16.5,0.970588235294118,1.26620870906385,0.432910575767259,1.76993593148329,0.461982959401432,39.3736705006588,29.7906118351644,14.8549905842865,0,0,15.7862847409171,2.08084750683956,0.422264679584768,1.58388453816193,0.479563394171398,2.33003255906148,0.111051861449805,6.84629001515285,9.6,1.58677685950413,84.1,9.66666666666667,0,155.35,"MILL CREEK NEAR CRANDALL, GA",Ref,EastHghlnds,21.3714,03,34.872024,-84.721326,GA,yes,yes,24,24,20,395,1,395,4.41,16.55,298,305,61,6a,APPALACHIAN HIGHLANDS,VALLEY AND RIDGE,TENNESSEE,6,"c(1020213.9283, 1373094.4172)"
02395120,3.75370704996578,2.94694247775496,-0.103527325408786,0.0124894104226604,0.785075243893055,23.1,1.21578947368421,djf,266.25,4.78436657681941,son,Carbonate sedimentary rocks,0.528965418071906,Mixed sedimentary rocks,0.296315100760036,0.528965418071906,0.1005,-13.7867,1.072,1.15462837656165,0.460238969181224,0.727133945996097,0.540577452272612,22.5229358641489,43.0863044489248,34.5363834910411,0,0,0,1.28732672588619,0.342948106698397,1.16539685472072,0.565288618321836,2.18021425443434,0.238803945643378,3.64030404944173,7.75,1.51960784313725,22.8,4.75,0,161.25,"TWO RUN CREEK NEAR KINGSTON, GA",Ref,EastHghlnds,84.0105,03,34.242778,-84.889722,GA,yes,yes,29,29,20,408,1,408,4.41,16.55,298,305,61,6a,APPALACHIAN HIGHLANDS,VALLEY AND RIDGE,TENNESSEE,6,"c(1013259.8299, 1301410.3708)"
02450250,4.40954551676934,3.06388258726899,-0.174753638268905,0.0142864105715527,0.694829563640326,21.1,1.24117647058824,djf,256.3,4.80863039399625,son,Siliciclastic sedimentary rocks,0.849873109911303,Carbonate sedimentary rocks,0.150117891116237,0.150117891116237,0.1705,-14.6896,1.03932584269663,0.602587650113972,0.437783447587804,1.8349040674988,0.161365541658673,29.220510474918,28.5120270891409,9.19415042202781,0,0,33.2104770417124,1.75247304731255,0.397427136344996,1.56278907552721,0.373479852823845,1.40433429863516,0.0401026056726284,6.65914320511277,26.95,2.49537037037037,157.75,20.0955414012739,0,143.75,SIPSEY FORK NEAR GRAYSON AL,Ref,EastHghlnds,231.8252,03,34.285378,-87.398908,AL,yes,yes,43,43,20,442,1,442,4.107,15.162,278,303,86,8f,APPALACHIAN HIGHLANDS,APPALACHIAN PLATEAUS,CUMBERLAND PLATEAU,8,"c(784707.870700002, 1282410.1434)"
03010655,3.28458726899384,2.26130887063655,0.205555259955749,0.207261759338099,0.688460584373285,17.2,1.16610169491525,jja,207.55,2.95234708392603,jja,Siliciclastic sedimentary rocks,1,NA,0,0,0.1893,-15.1986,1.16222760290557,1.45217683344916,0.452477893277496,1.26116181823514,0.622442372428468,31.983717947366902,49.0567703687615,15.8940168712289,0,0,3.16028537795973,1.49695524422339,0.455751399378086,1.92701760457862,0.493939565322932,1.50491123918167,0.0817320080850684,4.96930609157215,8.5,2.65625,93.2,14.912,0,159.05,"Oswayo Creek at Shinglehouse, PA",Ref,NorthEast,254.4417,05,41.961732,-78.198066,PA,yes,yes,35,35,20,463,1,463,14.048,21.081,156,199,85,8e,APPALACHIAN HIGHLANDS,APPALACHIAN PLATEAUS,KANAWHA,8,"c(1456745.6102, 2243473.1654)"
03011800,3.5894250513347,2.25324978781656,0.164345763980717,0.210192690903197,0.627746715864344,14.65,1.18145161290323,jja,199.35,2.98204936424832,jja,Siliciclastic sedimentary rocks,1,NA,0,0,0.2501,-13.1728,1.01204819277108,1.50000001490116,0.438828032666416,1.64931795911261,0.631435226694828,42.0085603627456,40.3880291237554,17.6211124823915,0,0,0,1.93147476637408,0.538101433725681,1.84061438473527,0.548834546524939,1.74213348021016,0.180865724645965,5.81214450281222,3.5,1.52173913043478,62.45,11.3545454545455,0,155.6,"Kinzua Creek near Guffey, PA",Ref,NorthEast,100.0953,05,41.766451000000004,-78.71864,PA,yes,yes,44,44,20,465,1,465,14.048,21.081,156,199,85,8e,APPALACHIAN HIGHLANDS,APPALACHIAN PLATEAUS,KANAWHA,8,"c(1418575.5706, 2214120.9177)"
03015500,3.59908829568788,2.26129915126626,0.181003525363463,0.192038519147369,0.628297770292423,15.4,1.1622641509434,jja,197.85,2.93545994065282,jja,Siliciclastic sedimentary rocks,1,NA,0,0,0.175,-15.466,6.96974281391831,1.47820335094001,0.453769020383662,1.23838937651862,0.653835237811781,31.991686279628,52.7576307213117,14.9523098493139,0,0,0.501224107611817,2.04893351672986,0.56929237306701,1.72886637997163,0.484368459581503,1.47805590794982,0.180800639156311,7.16968051826749,7.85,2.09333333333333,76.9,12.304,0,148.65,"Brokenstraw Creek at Youngsville, PA",Ref,NorthEast,784.8513,05,41.852559,-79.317271,PA,yes,yes,100,60,20,472,1,472,14.048,21.081,156,199,85,8e,APPALACHIAN HIGHLANDS,APPALACHIAN PLATEAUS,KANAWHA,8,"c(1368268.1695, 2214824.4251)"
03021350,3.68573579739904,2.26540563997262,0.168834030505871,0.208263538884948,0.61464135372136,15.45,1.24096385542169,jja,200.1,3.06666666666667,jja,Siliciclastic sedimentary rocks,0.999982313960869,Water bodies,1.76860391311801e-5,0,0.1276,-16.3597,9.96813725490196,1.42520235004991,0.466322602901615,0.99296310002973,0.63730086835839606,22.8755054753558,61.3519805914313,13.8847730576233,0,0,1.95873019990776,2.29105418490273,0.621600220645083,1.55272124205279,0.407554854675411,1.44849024341602,0.0928937182980518,9.06071036937919,17.05,1.82352941176471,104.9,11.5274725274725,0,141.4,"French Creek near Wattsburg, PA",Ref,NorthEast,239.6691,05,42.015332,-79.782551,PA,yes,yes,35,35,20,477,1,477,7.84,23.26,148,165,83,8c,APPALACHIAN HIGHLANDS,APPALACHIAN PLATEAUS,SOUTHERN NEW YORK,8,"c(1327391.4236, 2226163.0159)"
03026500,3.53956194387406,2.2624765229295,0.156580794306811,0.209814940150446,0.639196759035446,15.95,1.14336917562724,jja,201.75,2.98005908419498,jja,Siliciclastic sedimentary rocks,1,NA,0,0,0.2212,-14.1475,1,1.50000001490116,0.438694635954477,1.65270552918112,0.630960821786182,42.0958550292264,40.2801812132436,17.6466213622217,0,0,0,1.7461839707601,0.493333355496781,1.90233133781064,0.505318322625727,1.26496032020319,0.0951646814861424,5.54123461818044,5.5,1.71875,74.2,11.0746268656716,0,158.55,"Sevenmile Run near Rasselas, PA",Ref,NorthEast,20.3058,05,41.631173,-78.57669,PA,yes,yes,57,57,20,486,1,486,14.048,21.081,156,199,85,8e,APPALACHIAN HIGHLANDS,APPALACHIAN PLATEAUS,KANAWHA,8,"c(1432857.3163, 2201364.5607)"
03028000,3.46432306639288,2.26305470225873,0.157303344531732,0.203474312123818,0.653245860414243,16.4,1.11945392491468,jja,203.6,2.99632082413539,jja,Siliciclastic sedimentary rocks,1,NA,0,0,0.2278,-13.925,1,1.50000001490116,0.439582184499217,1.63157747212213,0.63421191535386,41.5178828388783,41.0026464514029,17.4660050529061,0,0,0,1.98092537921641,0.571807346270101,1.83519056641166,0.518663808727834,1.80305862642512,0.167043206511308,6.31119605691812,4.7,1.77358490566038,71,9.16129032258065,0,158.65,"West Branch Clarion River at Wilcox, PA",Ref,NorthEast,161.1102,05,41.57534,-78.692249,PA,yes,yes,56,56,20,488,1,488,14.048,21.081,156,199,85,8e,APPALACHIAN HIGHLANDS,APPALACHIAN PLATEAUS,KANAWHA,8,"c(1424591.323, 2193482.822)"
03049000,3.29245448323066,2.37935804243669,0.138944311915125,0.139333377128464,0.722669988166999,17.9,1.11180124223602,jja,216.65,3.16739766081871,son,Siliciclastic sedimentary rocks,1,NA,0,0,0.1909,-15.1617,1.06194690265487,0.893354687690538,0.452848337442657,1.15935680245902,0.388102620936233,31.5845402372729,48.9436579256956,19.7340957308476,0,0,0,1.27723560702604,0.387928098484378,1.83654452687204,0.476524666928439,1.23136152406697,0.0678177177682574,4.49241003155789,9.95,1.80909090909091,97.45,11.8121212121212,0,159.05,"Buffalo Creek near Freeport, PA",Ref,EastHghlnds,357.1533,05,40.715898,-79.699494,PA,yes,yes,69,60,20,512,1,512,14.048,21.081,156,199,85,8e,APPALACHIAN HIGHLANDS,APPALACHIAN PLATEAUS,KANAWHA,8,"c(1358949.406, 2084008.4407)"
03049800,3.02702395619439,2.43280097193703,0.128476117724567,0.116341909362209,0.803693993553846,18.65,1.1441717791411,jja,222.35,3.39206712433257,jja,Siliciclastic sedimentary rocks,1,NA,0,0,0.1451,-16.0333,1,0.800000011920929,0.459094867728757,1.03923365604999,0.359572903414442,27.2736827016418,53.1891466229478,19.3959536078694,0,0,0,1.07702479012463,0.355803193404084,1.75674161698867,0.42466958925213,2.12587161657949,0.0427205938107917,3.77912945249311,15.7,1.85798816568047,117.75,8.03754266211604,0,165.1,"Little Pine Creek near Etna, PA",Ref,EastHghlnds,14.8878,05,40.520346,-79.938108,PA,yes,yes,47,47,20,517,1,517,14.048,21.081,156,199,85,8e,APPALACHIAN HIGHLANDS,APPALACHIAN PLATEAUS,KANAWHA,8,"c(1342931.9787, 2059030.1236)"
03050000,3.87312525667351,2.48064970568104,0.0795221772161191,0.158964457158934,0.640477532041291,14.7,1.14396887159533,jja,194.6,2.88296296296296,son,Siliciclastic sedimentary rocks,0.872262609579569,Unconsolidated sediments,0.072551286798189,0.0551861036222423,0.1797,-14.9513,1.53566621803499,0.971606271748853,0.45823324763305,0.993714773236058,0.404412400728793,26.7364301128078,48.5160947851702,19.0022169683536,0,0,5.69916993795498,1.89541794103865,0.489376876663823,1.85423248063333,0.427851653807585,1.69845484302362,0.0331371433861193,6.67763647023314,12,1.6,110.8,12.1092896174863,0,164.55,"TYGART VALLEY RIVER NEAR DAILEY, WV",Ref,EastHghlnds,487.287,05,38.809275,-79.881734,WV,yes,yes,81,47,20,519,1,519,2.999,11.795,162,204,84,8d,APPALACHIAN HIGHLANDS,APPALACHIAN PLATEAUS,ALLEGHENY MOUNTAIN,8,"c(1379964.7812, 1870839.9017)"
03066000,4.16037782340862,2.45000676249144,0.0537016360903952,0.222508814947308,0.588890448532422,13.6,1.10121457489879,jja,195,2.87187039764359,son,Siliciclastic sedimentary rocks,0.679580695049861,Carbonate sedimentary rocks,0.320419304950139,0.320419304950139,0.1388,-14.2876,1.31534090909091,1.16631641731016,0.452325003641825,1.10098923428453,0.505817913240899,29.1039197976791,45.170730841583,19.8520602519377,0,0,5.95582864281375,2.43037416944335,0.581601872844514,1.83476587780156,0.479958959044391,1.27578540961145,0.142759917824563,8.44589636914395,6.21119757890186,1.78787878787879,78.7979896238651,10.6928571428571,0,161.947368421053,"BLACKWATER R AT DAVIS, WV",Ref,EastHghlnds,222.7851,05,39.127052,-79.468385,WV,yes,yes,88,60,20,539,1,539,2.999,11.795,162,204,84,8d,APPALACHIAN HIGHLANDS,APPALACHIAN PLATEAUS,ALLEGHENY MOUNTAIN,8,"c(1408835.8338, 1911998.0988)"
03069500,4.07351813826146,2.44632761122519,0.0685163705935231,0.194644630432116,0.600544180286688,13.15,1.16371681415929,jja,190.2,2.83457526080477,son,Siliciclastic sedimentary rocks,0.859052474111147,Carbonate sedimentary rocks,0.138111208510196,0.138111208510196,0.168,-14.8012,1.07180756986204,0.979106582033581,0.454406492583119,1.10558296442675,0.40702362735253,27.9227546050133,47.4342533526252,17.6530846074369,0,0,6.98066486314303,2.44818565337301,0.601000307419244,1.79723602182952,0.474430152851135,1.57728921591444,0.134394649888778,8.24550704905856,6.45,1.53571428571429,80.2,10.5526315789474,0,165.75,"CHEAT RIVER NEAR PARSONS, WV",Ref,EastHghlnds,1856.853,05,39.122884,-79.681174,WV,yes,yes,96,60,20,543,1,543,2.999,11.795,162,204,84,8d,APPALACHIAN HIGHLANDS,APPALACHIAN PLATEAUS,ALLEGHENY MOUNTAIN,8,"c(1390961.4224, 1908403.2961)"
03070500,3.700212183436,2.43485184120465,0.0800223526604417,0.144725592442485,0.658030329207678,15.25,1.10108303249097,jja,203.35,2.9816715542522,son,Siliciclastic sedimentary rocks,0.998165405076187,Carbonate sedimentary rocks,0.00183459492381281,0.00183459492381281,0.1809,-15.2815,1.13308457711443,1.03955121746086,0.44843584823559,1.24267323324781,0.442105839069569,34.6014490783619,45.5444184748864,19.1852460453458,0,0,0.782019993063594,2.03204141467222,0.549168889224421,2.00272278668499,0.463490799150602,1.55128482652518,0.0709316811303723,7.18774368787772,9.7,1.46969696969697,105.55,12.4176470588235,0,156.4,"BIG SANDY CREEK AT ROCKVILLE, WV",Ref,EastHghlnds,517.3794,05,39.615638,-79.704774,WV,yes,yes,96,60,20,546,1,546,2.999,11.795,162,204,84,8d,APPALACHIAN HIGHLANDS,APPALACHIAN PLATEAUS,ALLEGHENY MOUNTAIN,8,"c(1379546.6654, 1962472.6597)"
03076600,3.65368651608487,2.43922698151951,0.0719940585445489,0.189395500517419,0.667607078708349,16.1,1.0952380952381,jja,206.8,2.99060014461316,son,Siliciclastic sedimentary rocks,1,NA,0,0,0.1923,-14.6633,1.02439024390244,0.952475569617636,0.445485511297075,1.47530417662905,0.356191758788695,32.3586165110474,40.2388610791707,13.9788991725594,0,0,13.5132193904198,1.77924550537738,0.486972677470955,1.79887950861261,0.497185539543152,1.48553266596088,0.104085082079078,6.37569137458557,9.95,1.95098039215686,96,11.7791411042945,0,162.45,"BEAR CREEK AT FRIENDSVILLE, MD",Ref,EastHghlnds,127.3991,05,39.656139,-79.394111,MD,yes,yes,45,45,20,557,1,557,2.999,11.795,162,204,84,8d,APPALACHIAN HIGHLANDS,APPALACHIAN PLATEAUS,ALLEGHENY MOUNTAIN,8,"c(1404792.5304, 1971494.5684)"
03078000,3.50921697467488,2.43736324435318,0.0904527772272066,0.194625437344426,0.694560428136251,17.15,1.07523510971787,jja,214.45,3.05049786628734,son,Siliciclastic sedimentary rocks,1,NA,0,0,0.148,-15.9667,1.13513513513514,0.961760010741946,0.437495696222974,1.68912005318141,0.406716283677571,43.0354441850462,39.7374784646608,17.2810082007035,0,0,0,1.90259296426963,0.542170227147581,1.95463235038326,0.499639236174689,1.85224276621908,0.0787849444937687,6.57551267505685,8.55,1.56880733944954,100.3,12.1575757575758,0,160.15,"CASSELMAN RIVER AT GRANTSVILLE, MD",Ref,EastHghlnds,161.4825,05,39.702194,-79.136389,MD,yes,yes,62,60,20,559,1,559,2.999,11.795,162,204,84,8d,APPALACHIAN HIGHLANDS,APPALACHIAN PLATEAUS,ALLEGHENY MOUNTAIN,8,"c(1425456.2348, 1980413.5393)"
03140000,2.91307871321013,2.4426807118412,0.180956093452007,0.0894584784615066,0.8385220422518,21.55,1.24207492795389,jja,241.2,3.78056426332288,son,Siliciclastic sedimentary rocks,1,NA,0,0,0.12,-16.5,1,1.50000001490116,0.468656243278336,0.753457414084748,0.659264152196466,17.9678933191621,51.305546712209,23.5524072710681,0,0,7.47757572534991,0.948224382474892,0.325505925457804,1.84492008277325,0.439380288021326,2.84806708970229,0.0219791861376951,3.33861055256126,15.9,1.82758620689655,120.95,11.147465437788,0,166.6,Mill Creek near Coshocton OH,Ref,EastHghlnds,70.3458,05,40.362846,-81.862356,OH,yes,yes,72,60,20,644,1,644,14.048,21.081,156,199,85,8e,APPALACHIAN HIGHLANDS,APPALACHIAN PLATEAUS,KANAWHA,8,"c(1185931.3739, 2016005.1383)"
03144000,2.99462286105407,2.45251544147844,0.159603524796088,0.0936024048579887,0.818973057801069,20.35,1.22222222222222,jja,239.65,3.68125960061444,son,Siliciclastic sedimentary rocks,1,NA,0,0,0.1337,-16.1342,11.2260869565217,1.50000001490116,0.465497993639408,0.882060330577618,0.691078367545968,22.552987752899,57.4246106807181,20.207469598578,0,0,0,1.10331015564865,0.368430419067962,1.68264149039823,0.425829417070649,2.25662661364107,0.0552046434426685,4.00435633167063,17.35,1.93854748603352,118.6,14.5521472392638,0,174.9,Wakatomika Creek near Frazeysburg OH,Ref,EastHghlnds,363.4146,05,40.132568,-82.14792,OH,yes,yes,73,60,20,650,1,650,14.048,21.081,156,199,85,8e,APPALACHIAN HIGHLANDS,APPALACHIAN PLATEAUS,KANAWHA,8,"c(1165895.7051, 1986952.3817)"
03159540,3.14572073921971,2.51591960301164,0.106093067201104,0.0789834761345878,0.799791148541591,20.8,1.16526610644258,jja,240.1,3.67125382262997,son,Siliciclastic sedimentary rocks,1,NA,0,0,0.12,-16.5,1.14516129032258,1.49423701066573,0.47575023135045,0.524550702425096,0.725561229500258,11.4178933215272,53.3563460453974,35.2334057648106,0,0,0,1.0988234059004,0.349307359741334,1.54248156226899,0.343456868395671,1.71637242605708,0.0103758972868478,4.61910533334497,27.15,2.07251908396947,151.55,15.0049504950495,0.00342231348391513,162.2,Shade River near Chester OH,Ref,EastHghlnds,400.851,05,39.063689,-81.881802,OH,yes,yes,43,43,20,673,1,673,14.048,21.081,156,199,85,8e,APPALACHIAN HIGHLANDS,APPALACHIAN PLATEAUS,KANAWHA,8,"c(1205860.3008, 1871785.3471)"
03161000,4.04719917864476,2.69845252566735,0.10387943490618,0.0874425287647908,0.666745669426368,19.45,1.19325153374233,mam,232.65,3.8775,son,Metamorphics,1,NA,0,0,0.01,-14.1,1.08905852417303,1.45524954358784,0.438792391833259,1.43171735502947,0.625920209225649,41.2406404701186,38.0471685639398,20.6645910788461,0,0,0,1.95007058212224,0.481832125389795,1.20279628358739,0.726972537146201,1.35078856586496,0.63498058148029,4.19457975357417,1.35,1.42105263157895,0.85,3.4,0,175.5,"SOUTH FORK NEW RIVER NEAR JEFFERSON, NC",Ref,EastHghlnds,527.8624,05,36.393333,-81.406944,NC,yes,yes,82,59,20,674,1,674,3.91,12.376,299,304,52,5b,APPALACHIAN HIGHLANDS,BLUE RIDGE,SOUTHERN,5,"c(1291877.6829, 1582174.2665)"
03164000,3.7405106091718,2.66829385352498,0.101946051614827,0.0839958967122095,0.7133501632056,19.7,1.17261904761905,mam,235.4,3.96630160067397,son,Metamorphics,0.720980819190773,Acid plutonic rocks,0.200737153278384,0,0.0225,-14.0123,1.04469016355678,1.4072564252889,0.438833682541966,1.39994141784153,0.610181699211463,40.9869138355833,37.4551822341376,21.5267562473108,0,0,0,1.54547920114787,0.413173323812616,1.38094138228593,0.690426959144395,2.05607230148698,0.445940705451332,3.73688699662859,1.65,1.375,2.75,6.875,0,174.5,"NEW RIVER NEAR GALAX, VA",Ref,EastHghlnds,2952.736,05,36.64735,-80.978969,VA,yes,yes,80,60,20,675,1,675,3.91,12.376,299,304,52,5b,APPALACHIAN HIGHLANDS,BLUE RIDGE,SOUTHERN,5,"c(1324974.5715, 1616177.2748)"
03165000,3.67150171115674,2.66542825462012,0.0918396343458606,0.0758216158494753,0.725977669170241,21.3,1.22766570605187,mam,252.2,4.33333333333333,son,Metamorphics,0.691696042096722,Siliciclastic sedimentary rocks,0.308303957903278,0,0.0439,-14.8399,1.02793296089385,1.29289249245635,0.446039431459102,1.15530885908601,0.571359253721968,35.5306039855963,41.5715062215277,22.9921915712196,0,0,5.3782468964894,1.67893377847116,0.45728802832076,1.08230822964954,0.69982709823084,1.72993075652786,0.527692764726212,3.69384935308348,2.9,1.18367346938776,0.7,7,0,172.1,"CHESTNUT CREEK AT GALAX, VA",Ref,EastHghlnds,101.9961,05,36.645961,-80.919244,VA,yes,yes,65,60,20,676,1,676,3.91,12.376,299,304,52,5b,APPALACHIAN HIGHLANDS,BLUE RIDGE,SOUTHERN,5,"c(1330223.1252, 1616858.0238)"
03170000,3.32212594113621,2.8167734017796,0.130431484041595,0.0945585836238721,0.847882787013256,20.55,1.19476744186047,mam,247.65,4.25150214592275,son,Metamorphics,0.820654484154169,Siliciclastic sedimentary rocks,0.174657729253726,0.00468778659210414,0.0363,-14.3792,1.03700588730025,1.38469802805017,0.4371600480529,1.34768426148113,0.608340429933772,41.3954497945694,34.2067622887165,24.4821979427338,0,0,3.11822716911932,1.07424558090184,0.323360883944825,1.4417128865934,0.702218972399446,1.14672699028647,0.277096294044337,2.46800432562156,1.9,1.1875,6.85,5.95652173913043,0,175.95,"LITTLE RIVER AT GRAYSONTOWN, VA",Ref,EastHghlnds,794.6403,05,37.037626,-80.556724,VA,yes,yes,81,60,20,681,1,681,7.235,22.16,161,191,62,6b,APPALACHIAN HIGHLANDS,VALLEY AND RIDGE,MIDDLE,6,"c(1354821.514, 1665297.0543)"
03173000,3.0228514715948,2.63302963723477,0.137115353774068,0.0942000993572573,0.871041684309297,19.25,1.18827160493827,mam,234.9,3.86666666666667,son,Siliciclastic sedimentary rocks,0.751739745108573,Carbonate sedimentary rocks,0.174389914067547,0.174389914067547,0.129,-15.3197,0.996518711923412,1.18294965890536,0.44912434473183,0.965103536930955,0.536989654960784,32.3454473602584,40.6300645163861,26.8787027475711,0,0,0,1.01584744367196,0.336056023002685,1.84031246457304,0.540795022620318,2.91124074213465,0.12971292268078,3.32191631255656,9.7,1.97959183673469,86.35,16.2924528301887,0,170.9,"WALKER CREEK AT BANE, VA",Ref,EastHghlnds,773.3151,05,37.268178,-80.709512,VA,yes,yes,71,60,20,684,1,684,7.235,22.16,161,191,62,6b,APPALACHIAN HIGHLANDS,VALLEY AND RIDGE,MIDDLE,6,"c(1337395.1856, 1688630.6558)"
03180500,3.78282272416153,2.48605563312799,0.0351025247833449,0.195303023284764,0.657195912789974,14.8,1.16078431372549,jja,204.05,3.02744807121662,son,Siliciclastic sedimentary rocks,0.978574042563195,Carbonate sedimentary rocks,0.0214259574368052,0.0214259574368052,0.187,-15.1304,1.05410447761194,0.852569237558952,0.456645460718475,1.15084800535109,0.3746416025817,29.1677754183781,52.6281749775862,16.3039789165209,0,0,1.61081575339571,2.018277105845,0.533537321998708,1.94814091935891,0.473178696633075,1.67443032642371,0.0703356790466707,6.99102616330817,8.5,1.82795698924731,98.25,11.1647727272727,0,163.55,"GREENBRIER RIVER AT DURBIN, WV",Ref,EastHghlnds,345.0564,05,38.543727,-79.833115,WV,yes,yes,66,60,20,691,1,691,2.999,11.795,162,204,84,8d,APPALACHIAN HIGHLANDS,APPALACHIAN PLATEAUS,ALLEGHENY MOUNTAIN,8,"c(1389126.2073, 1842212.3177)"
03182500,3.55233127994524,2.51935242984257,0.0375230123779968,0.170253081143655,0.709211002944919,17.7,1.16447368421053,mam,212.8,3.21936459909228,son,Siliciclastic sedimentary rocks,0.866232227997447,Carbonate sedimentary rocks,0.0968108325597525,0.0968108325597525,0.1711,-14.9304,1.12125603864734,0.920461239121242,0.453842922585503,1.16919141226696,0.385822585378701,30.0353725331491,48.0109382584522,16.8959884739487,0,0,4.36664949697383,1.67221822837143,0.47073825513177,1.90987945568342,0.451749431596677,1.35859551878387,0.0684697728447988,6.00454814214853,12.6,1.8,110.85,14.5855263157895,0,161.8,"GREENBRIER RIVER AT BUCKEYE, WV",Ref,EastHghlnds,1364.974,05,38.185953,-80.130623,WV,yes,yes,80,60,20,692,1,692,7.235,22.16,161,191,62,6b,APPALACHIAN HIGHLANDS,VALLEY AND RIDGE,MIDDLE,6,"c(1370468.8059, 1798359.5167)"
03186500,4.14293497604381,2.51498488706366,0.0469846565828001,0.1907316712122,0.607053912650417,15.2,1.11764705882353,jja,206.8,2.99710144927536,son,Siliciclastic sedimentary rocks,1,NA,0,0,0.19,-15.2,1.00589390962672,0.888693410477457,0.459485625860092,0.968863082071949,0.410939533725663,26.7561911643734,52.7377716496662,20.3258991526996,0,0,0,2.53276933069042,0.611346628739278,1.89119388019309,0.459918185114449,1.13298107928404,0.0706485051978423,8.68264192032303,7.6,1.39449541284404,92.55,11.7898089171975,0,159.35,"WILLIAMS RIVER AT DYER, WV",Ref,EastHghlnds,329.6805,05,38.378999,-80.483974,WV,yes,yes,80,60,20,699,1,699,14.048,21.081,156,199,85,8e,APPALACHIAN HIGHLANDS,APPALACHIAN PLATEAUS,KANAWHA,8,"c(1336711.2885, 1814670.0522)"
03187500,4.13442299794661,2.52101201916496,0.0698880177886653,0.182826213927838,0.60976151216676,16.2,1.12110726643599,jja,213.85,3.13333333333333,son,Siliciclastic sedimentary rocks,0.98259120857879,Unconsolidated sediments,0.0174087914212095,0,0.1905,-15.1617,1.01246105919003,0.830047078295203,0.455038829911096,1.16629854332147,0.377565786915874,30.9029303437829,52.3552579583273,16.4297540560359,0,0,0,2.65026336417703,0.641023757243345,1.90171345232282,0.470847425207179,1.16144694145027,0.0766729716313929,8.89406470924158,5.9,1.34090909090909,87.6,11.1592356687898,0,160.3,"CRANBERRY RIVER NEAR RICHWOOD, WV",Ref,EastHghlnds,207.415,05,38.29539,-80.526475,WV,yes,yes,50,45,20,701,1,701,14.048,21.081,156,199,85,8e,APPALACHIAN HIGHLANDS,APPALACHIAN PLATEAUS,KANAWHA,8,"c(1334601.3945, 1804825.5918)"
03213700,3.47541273100616,2.61238295687885,0.104807159892182,0.0730954797740182,0.751675602029157,18.1,1.15286624203822,jja,222.3,3.38613861386139,son,Siliciclastic sedimentary rocks,0.984140621186275,Mixed sedimentary rocks,0.0105901124401872,0.00526926637353809,0.1735,-15.4761,1.02360455429047,1.03198953341934,0.440136454778298,1.56730563979319,0.428669273106907,39.5370216642964,37.8626652671897,17.4316345004202,0,0,3.77582365710623,1.13243601644564,0.325842167274846,1.84926478870791,0.560447907314011,1.87542393882473,0.12005578827753,3.56938973887312,7.25,1.90789473684211,75.35,13.8256880733945,0,176.4,"TUG FORK AT WILLIAMSON, WV",Ref,EastHghlnds,2425.06,05,37.673157,-82.280141,KY,yes,yes,42,42,20,754,1,754,14.048,21.081,156,199,85,8e,APPALACHIAN HIGHLANDS,APPALACHIAN PLATEAUS,KANAWHA,8,"c(1194500.4093, 1712566.9947)"
03237280,3.52835318275154,2.55484724161533,0.046001063387718,0.0847306381238598,0.724090562731866,19.05,1.17956656346749,mam,238.85,3.69736842105263,son,Siliciclastic sedimentary rocks,0.991472145616181,Carbonate sedimentary rocks,0.00852785438381957,0.00852785438381957,0.122,-16.4139,1.20338983050847,1.50000001490116,0.474234666668677,0.728704097889761,0.70400000706315,15.9333333280351,61.9999999900659,22.0000000149012,0,0,0,1.12941139251563,0.320095901407147,2.03804017671925,0.356306323013351,2.54742526292061,0,4.21746558382914,37.95,2.65384615384615,174,19.7727272727273,0.0704996577686516,166.2,Upper Twin Creek at McGaw OH,Ref,EastHghlnds,32.9542,05,38.643687,-83.215736,OH,yes,yes,46,46,20,769,1,769,14.048,21.081,156,199,85,8e,APPALACHIAN HIGHLANDS,APPALACHIAN PLATEAUS,KANAWHA,8,"c(1098964.6892, 1809003.2592)"
03280700,3.9905735797399,2.73069660506502,0.00897812703913208,0.0584460847843343,0.684286744875158,18.85,1.1671826625387,mam,232.5,3.5824345146379,son,Siliciclastic sedimentary rocks,1,NA,0,0,0.1743,-15.4907,0.991735537190083,1.00000001490116,0.457533,0.973577210348408,0.471000007018447,27.2,49.3,23.9,0,0,0,1.33001383415596,0.333288888822505,1.69109649530582,0.411989325532183,2.07170691110108,0.0417504359308669,4.59254795239536,17.45,2.20886075949367,130.9,10.6422764227642,0,165.65,"CUTSHIN CREEK AT WOOTON, KY",Ref,EastHghlnds,158.2227,05,37.165093,-83.307956,KY,yes,yes,52,52,20,781,1,781,14.048,21.081,156,199,85,8e,APPALACHIAN HIGHLANDS,APPALACHIAN PLATEAUS,KANAWHA,8,"c(1113151.0836, 1643698.8061)"
03281100,3.81621492128679,2.68704707734428,0.0201189623228695,0.0416713149875616,0.70411314162522,19.55,1.19571865443425,mam,240.5,3.94909688013136,son,Siliciclastic sedimentary rocks,0.988201352473418,Unconsolidated sediments,0.0117986475265822,0,0.1317,-16.2624,1.07142857142857,1.01143879906807,0.46550673588195,0.760303761574465,0.477819713895028,20.8010438732615,52.4874878151005,26.9075184270747,0,0,0,NA,NA,NA,0.385867771188684,NA,NA,NA,NA,NA,NA,NA,NA,NA,"GOOSE CREEK AT MANCHESTER, KY",Ref,EastHghlnds,422.7237,05,37.152034,-83.760197,KY,yes,yes,45,45,20,785,1,785,4.107,15.162,278,303,86,8f,APPALACHIAN HIGHLANDS,APPALACHIAN PLATEAUS,CUMBERLAND PLATEAU,8,"c(1073899.0544, 1637044.1752)"
03281500,3.80124161533196,2.6716241889117,0.0417899627585112,0.044067880842997,0.702829354002637,19.5,1.1854103343465,mam,236.5,3.86753883892069,son,Siliciclastic sedimentary rocks,0.990075437682718,Unconsolidated sediments,0.00992456231728149,0,0.1378,-16.1537,1.09410472354449,1.01292355694894,0.46034508567231,0.887002971795703,0.477285124683607,24.9496483023357,50.4244181673515,24.9362533469653,0,0,0,1.42085615149716,0.373787381934962,1.70494880455343,0.409674322211301,1.94981965543227,0.0173023262134752,5.20400734574524,18.85,2.31288343558282,126.45,14.7894736842105,0.00150581793292266,158.75,"SOUTH FORK KENTUCKY RIVER AT BOONEVILLE, KY",Ref,EastHghlnds,1838.22,05,37.47981,-83.675192,KY,yes,yes,76,60,20,786,1,786,4.107,15.162,278,303,86,8f,APPALACHIAN HIGHLANDS,APPALACHIAN PLATEAUS,CUMBERLAND PLATEAU,8,"c(1076565.1823, 1674431.2032)"
03439000,5.56067488021903,2.71938744695414,0.0210712593748749,0.0374660918206049,0.489039101463711,18.9,1.20382165605096,djf,231.5,4.12288512911843,son,Metamorphics,0.647692784590097,Acid plutonic rocks,0.352307215409903,0,0.01,-14.1,1.01538461538462,1.30123279044286,0.435561320403406,1.61974057491564,0.554687516504871,43.5594388940534,35.9415686811856,20.4980442352377,0,0,0,3.16323217196459,0.568857600939258,1.18060466137091,0.720916167067827,1.37562779769927,0.876368919880916,7.19991840739664,1.35,1.22727272727273,2.15,6.14285714285714,0,168.95,"FRENCH BROAD RIVER AT ROSMAN, NC",Ref,EastHghlnds,178.6674,06,35.143333,-82.824722,NC,yes,yes,75,60,20,808,1,808,3.91,12.376,299,304,52,5b,APPALACHIAN HIGHLANDS,BLUE RIDGE,SOUTHERN,5,"c(1186555.735, 1425222.1244)"
03450000,4.09460643394935,2.70980800821355,0.064045328213259,0.0842690506200039,0.661799382169161,17.55,1.31954887218045,son,240.55,4.26507092198582,son,Metamorphics,1,NA,0,0,0.01,-14.1,0.954545454545455,1.50000001490116,0.429384565120235,1.95044822634678,0.630000006407499,48.3348498981114,32.8003458913348,18.8647243903953,0,0,0,1.89841335643901,0.463637564943682,1.80287082874467,0.592268284898982,1.65387463621356,0.173762467723636,5.03911156398546,2.35,1.62068965517241,57.55,10.3693693693694,0,173.05,"BEETREE CREEK NEAR SWANNANOA, NC",Ref,EastHghlnds,14.0805,06,35.653056,-82.405278,NC,yes,yes,75,52,20,819,1,819,3.91,12.376,299,304,52,5b,APPALACHIAN HIGHLANDS,BLUE RIDGE,SOUTHERN,5,"c(1215942.9652, 1487011.2326)"
03455500,5.80058042436687,3.42376536618754,0.0638700322383783,0.0774314166204897,0.590245305763732,17.8,1.28519855595668,son,230.7,4.01217391304348,son,Metamorphics,1,NA,0,0,0.01,-14.1,0.981481481481482,1.50000001490116,0.42730523447946,2.13254271886754,0.630000006407498,50.5325477830834,33.3015752515636,16.050128833947,0,0,0,3.30074139682846,0.569036399006352,1.32396452930788,0.626332290363918,1.53017033317378,0.603678681561047,8.64602022813542,3.55,1.24561403508772,21.55,7.69642857142857,0,164.2,"W F PIGEON R ABOVE LAKE LOGAN NR HAZELWOOD, NC",Ref,EastHghlnds,72.9522,06,35.396111,-82.9375,NC,yes,yes,55,55,20,826,1,826,3.91,12.376,299,304,52,5b,APPALACHIAN HIGHLANDS,BLUE RIDGE,SOUTHERN,5,"c(1172587.1529, 1451842.7396)"
03456500,4.7873839835729,2.76630547570157,0.0557590848169392,0.0638736766495558,0.577832378851099,17.3,1.26277372262774,djf,233.25,4.19137466307278,son,Metamorphics,1,NA,0,0,0.01,-14.1,0.995121951219512,1.50000001490116,0.428761771755402,1.96960263160009,0.632055150125618,48.9118251649031,32.7234383888932,18.3336121903635,0,0,0,2.59869262288597,0.542821012854399,1.3897914886895,0.636631042769778,1.99636522846521,0.44006455139902,6.74765645478497,3.3,1.43478260869565,26.65,8.73770491803279,0,167.3,"EAST FORK PIGEON RIVER NEAR CANTON, NC",Ref,EastHghlnds,133.4268,06,35.461667,-82.869722,NC,yes,yes,55,55,20,830,1,830,3.91,12.376,299,304,52,5b,APPALACHIAN HIGHLANDS,BLUE RIDGE,SOUTHERN,5,"c(1177622.1346, 1459948.9615)"
03460000,4.47108008213552,2.6527807118412,0.0256759801789374,0.077253343718732,0.59331988313977,15.15,1.20717131474104,djf,226.45,3.76788685524126,son,Metamorphics,0.802664551627175,Siliciclastic sedimentary rocks,0.197335448372825,0,0.0607,-13.8009,0.989528795811518,1.50000001490116,0.429051313068636,2.044989308832,0.496916615194188,38.0057022725658,26.1817979259767,12.9785807299349,0,0,22.9104904365703,2.18216888049862,0.488063027369518,1.28388303878243,0.687017936220612,1.51765035909835,0.520056209493132,5.25834611820833,1.8,1.38461538461538,12.2,7.87096774193548,0,169.55,"CATALOOCHEE CREEK NEAR CATALOOCHEE, NC",Ref,EastHghlnds,127.019,06,35.6675,-83.073611,NC,yes,yes,65,50,20,836,1,836,3.91,12.376,299,304,52,5b,APPALACHIAN HIGHLANDS,BLUE RIDGE,SOUTHERN,5,"c(1156325.1655, 1480270.951)"
03463300,4.56529911019849,3.05420387405886,0.0379202786522028,0.0849163900758962,0.669004111304784,17.25,1.25912408759124,son,233,3.98290598290598,son,Metamorphics,1,NA,0,0,0.01,-14.1,0.994117647058824,1.50000001490116,0.42903167627052,1.91483173665252,0.63391351214833,48.5028115592395,32.3212659123078,19.1738684198915,0,0,0,3.06004959603113,0.670284579863615,1.29607303443405,0.589691621119328,1.99552002126813,0.458078516909101,7.97929149930233,3.9,1.27868852459016,34.75,9.92857142857143,0,177.15,"SOUTH TOE RIVER NEAR CELO, NC",Ref,EastHghlnds,112.1589,06,35.831507,-82.184287,NC,yes,yes,52,52,20,840,1,840,3.91,12.376,299,304,52,5b,APPALACHIAN HIGHLANDS,BLUE RIDGE,SOUTHERN,5,"c(1232676.2064, 1509630.4437)"
03471500,3.41253798767967,2.60360410677618,0.105286957457578,0.0838711696088708,0.762952417284732,19.4,1.16167664670659,mam,238.25,3.80591054313099,son,Siliciclastic sedimentary rocks,0.615496264945911,Carbonate sedimentary rocks,0.384503735054089,0.384503735054089,0.1484,-13.5244,1.02325581395349,1.22961039248839,0.448403187069492,1.07247376003558,0.554550031128405,33.5365333570007,42.0985123469082,24.256582604228,0,0,0,1.32033825690415,0.386908002686267,1.64350671710493,0.630658434780838,1.45160464352651,0.283968699776052,3.55578197980447,3.6,1.6,5.6,6.58823529411765,0,174.8,"S F HOLSTON RIVER AT RIVERSIDE NR CHILHOWIE, VA",Ref,EastHghlnds,198.1611,06,36.760393,-81.631229,VA,yes,yes,78,60,20,852,1,852,4.41,16.55,298,305,61,6a,APPALACHIAN HIGHLANDS,VALLEY AND RIDGE,TENNESSEE,6,"c(1265981.6304, 1619799.2605)"
03473000,3.49595208761123,2.5874022587269,0.090562164899597,0.0832667330515825,0.740113764114789,17.9,1.15112540192926,mam,231.8,3.75080906148867,son,Siliciclastic sedimentary rocks,0.444259241426551,Carbonate sedimentary rocks,0.311902361703788,0.311902361703788,0.1169,-13.4257,1.07252559726962,1.18404840476699,0.447111447992369,1.05864082408023,0.517212667482349,33.6400527406418,38.7483710896755,25.6986196450043,0,0,1.83871193522714,1.45365378683466,0.415810557583452,1.64830252142914,0.627684501517193,1.59411153861136,0.280567015072937,3.92793821102112,2.95,1.59459459459459,22.05,7.11290322580645,0,171.95,"S F HOLSTON RIVER NEAR DAMASCUS, VA",Ref,EastHghlnds,784.8126,06,36.651781,-81.84401,VA,yes,yes,78,60,20,853,1,853,4.41,16.55,298,305,61,6a,APPALACHIAN HIGHLANDS,VALLEY AND RIDGE,TENNESSEE,6,"c(1249180.0176, 1604952.1834)"
03479000,3.973234770705,2.66377174537988,0.109819057850403,0.0904171237520879,0.670428982707011,18.25,1.17363344051447,jja,226.6,3.64308681672026,son,Metamorphics,0.950998809032443,Acid plutonic rocks,0.0490011909675571,0,0.01,-14.1,1.05,1.37128838315389,0.427873542391008,2.12678791069036,0.561487145471513,50.4872318648906,34.6516290118592,14.6880766509404,0,0,0,1.81548609047936,0.456928974815457,1.33464942529816,0.592287367413077,1.66299499085591,0.332302281229039,4.63146304462973,4,1.45454545454545,23.25,8.01724137931035,0,168.2,"WATAUGA RIVER NEAR SUGAR GROVE, NC",Ref,EastHghlnds,235.6011,06,36.239167,-81.822222,NC,yes,yes,69,60,20,858,1,858,3.91,12.376,299,304,52,5b,APPALACHIAN HIGHLANDS,BLUE RIDGE,SOUTHERN,5,"c(1257958.2245, 1559532.7368)"
03488000,3.274212183436,2.61184466803559,0.0988846609521179,0.0815490515140822,0.797701713178126,18.3,1.1656050955414,mam,224.95,3.4848954298993,son,Siliciclastic sedimentary rocks,0.698636811964852,Carbonate sedimentary rocks,0.181587266716014,0.181587266716014,0.1347,-15.1605,1.06526806526807,1.03016050493857,0.448228608650407,0.913176578639759,0.461711474841298,32.613293804525,39.0049168326288,28.2716598572084,0,0,0,1.23117574448451,0.376021978878748,1.77713280495175,0.530133411505307,1.84159141105423,0.135401354970619,3.89617398927956,7.85,1.74444444444444,78.9,15.0285714285714,0,166.4,"N F HOLSTON RIVER NEAR SALTVILLE, VA",Ref,EastHghlnds,578.206,06,36.896781,-81.746229,VA,yes,yes,90,60,20,864,1,864,4.41,16.55,298,305,61,6a,APPALACHIAN HIGHLANDS,VALLEY AND RIDGE,TENNESSEE,6,"c(1253642.428, 1633382.7211)"
03498500,4.33051745379877,2.64746369609856,-0.0310991119176905,0.0343707789266315,0.611350427366638,16.4,1.24714828897338,djf,217.1,3.66722972972973,son,Siliciclastic sedimentary rocks,0.589742111260871,Carbonate sedimentary rocks,0.205910183390597,0.205910183390597,0.1434,-14.6682,1.05053449951409,0.85025026344995,0.446341763416607,1.12273766307222,0.287113582670004,25.4553977976482,28.4361962741598,16.693973104122,0,0,29.2557949456903,1.80427642445796,0.416642224331698,1.52741893362029,0.573668589347479,1.55959108617368,0.249306595863662,4.98613191727323,4.95,1.57142857142857,44.35,9.74725274725275,0,163.45,"LITTLE RIVER NEAR MARYVILLE, TN",Ref,EastHghlnds,696.7582,06,35.785621,-83.884604,TN,yes,yes,58,58,20,874,1,874,4.41,16.55,298,305,61,6a,APPALACHIAN HIGHLANDS,VALLEY AND RIDGE,TENNESSEE,6,"c(1082503.473, 1483828.2624)"
03500000,5.1950417522245,2.82262596851472,-0.0811899160520957,0.0292489179120406,0.543330757121649,19.75,1.27009646302251,djf,233,4.12754650132861,son,Metamorphics,0.800032571439631,Acid plutonic rocks,0.195822063097363,0,0.01,-14.1,1.02996254681648,1.25854253129897,0.436800067903592,1.49533201654145,0.489907026017571,39.3731570336449,33.3447825495424,20.0610023664506,0,0,7.23155699350245,2.50208944130495,0.481630285306863,1.32917229768661,0.731153521643894,1.89091208174133,0.596163947522552,5.82614766897039,0.7,1.27272727272727,7.9,6.8695652173913,0,168.8,"LITTLE TENNESSEE RIVER NEAR PRENTISS, NC",Ref,EastHghlnds,361.1439,06,35.15,-83.379722,NC,yes,yes,65,60,20,877,1,877,3.91,12.376,299,304,52,5b,APPALACHIAN HIGHLANDS,BLUE RIDGE,SOUTHERN,5,"c(1136774.7626, 1419177.0603)"
03500240,5.0380848733744,3.06516536618754,-0.087909722614876007,0.029394718558517,0.608398914116459,19.05,1.2742474916388,djf,237.4,4.17223198594025,son,Metamorphics,1,NA,0,0,0.01,-14.1,1.04545454545455,1.12912433089825,0.436766316483073,1.56266479957801,0.47625530119598,42.6470139916836,36.7064770868379,20.7430368884757,0,0,0,2.31388434615595,0.459278556100656,1.38390851923096,0.705216066136577,1.8245943579465,0.51997697732080606,5.68284515858996,1.45,1.31818181818182,11.1,10.5714285714286,0,166.85,"CARTOOGECHAYE CREEK NEAR FRANKLIN, NC",Ref,EastHghlnds,145.8639,06,35.158889,-83.394167,NC,yes,yes,48,48,20,878,1,878,3.91,12.376,299,304,52,5b,APPALACHIAN HIGHLANDS,BLUE RIDGE,SOUTHERN,5,"c(1135349.7638, 1419990.3275)"
03504000,5.6031485284052,2.69890116358658,-0.0776271198044347,0.0589912291417263,0.481675820282915,19.05,1.26578073089701,djf,237,4.15425065731814,son,Metamorphics,1,NA,0,0,0.01,-14.1,0.989949748743719,1.50000001490116,0.429109437432128,1.97273662796314,0.6300000064075,48.625639408156,32.8666663082937,18.4923097521369,0,0,0,3.68226240268835,0.657177368049606,1.39195772918405,0.720317018430557,1.87337427177933,0.854810070181338,8.3844136670978,0.6,1.09090909090909,9.8,8.16666666666667,0,165.6,"NANTAHALA RIVER NEAR RAINBOW SPRINGS, NC",Ref,EastHghlnds,134.5167,06,35.1275,-83.618611,NC,yes,yes,69,60,20,883,1,883,3.91,12.376,299,304,52,5b,APPALACHIAN HIGHLANDS,BLUE RIDGE,SOUTHERN,5,"c(1115706.9577, 1413849.9605)"
03574500,4.29078028747433,2.85762328542094,-0.173452400201009,0.0200681785915394,0.665991519948698,21.15,1.27409638554217,djf,237.3,4.29891304347826,son,Carbonate sedimentary rocks,0.529630566554591,Siliciclastic sedimentary rocks,0.33560839742396,0.529630566554591,0.1252,-13.0532,1.07422186751796,1.02659536998161,0.451617381392618,0.932606392811841,0.402768760711678,25.9730510733671,32.2610641022497,25.2287236621058,0,0,13.2052019333169,1.96550045484383,0.458075297069284,1.6825209534633,0.388050713639502,2.22540057138982,0.0360763167198152,8.00894231179891,24.75,2.79661016949153,146.1,18.8516129032258,0,140,PAINT ROCK RIVER NEAR WOODVILLE AL,Ref,EastHghlnds,813.8025,06,34.624255,-86.306374,AL,yes,yes,73,60,20,949,1,949,4.107,15.162,278,303,86,8f,APPALACHIAN HIGHLANDS,APPALACHIAN PLATEAUS,CUMBERLAND PLATEAU,8,"c(880198.805100001, 1329698.7568)"
04213000,3.2589363449692,2.30925004791239,0.146118109580721,0.162227338465539,0.708590105319843,17,1.18466898954704,jja,209.8,3.16440422322775,jja,Siliciclastic sedimentary rocks,1,NA,0,0,0.1779,-15.4256,23.3671562082777,1.50000001490116,0.467906428140643,0.909454680110688,0.68028122697317694,22.063973143492,62.4473658636533,15.5749459340443,0,0,0,1.63938528174227,0.50304305092457,1.62895788653144,0.37344347434575,1.26445831012725,0.0440630781320012,6.98560994775629,23.05,2.05803571428571,128.85,14.9825581395349,0,145.3,Conneaut Creek at Conneaut OH,Ref,NorthEast,455.2974,04,41.926999,-80.603966,OH,yes,yes,72,59,20,966,1,966,7.84,23.26,148,165,83,8c,APPALACHIAN HIGHLANDS,APPALACHIAN PLATEAUS,SOUTHERN NEW YORK,8,"c(1262357.9631, 2205225.5525)"
04221000,3.17552224503765,2.27054970568104,0.219528466253919,0.207214753166224,0.715016154973943,16.85,1.1541095890411,jja,212.45,3.09468317552804,jja,Siliciclastic sedimentary rocks,1,NA,0,0,0.1431,-16.0641,4.11759799833194,1.37608385686463,0.451685660266874,1.30108445697626,0.601283991047423,33.3877563865537,51.0347891166449,14.7976986383577,0,0,0.79433808064106,1.3108878505913,0.412810161427718,1.80767294061773,0.500682984690674,1.44182654270383,0.0879734974028042,4.39867487014021,9.3,1.91752577319588,89.5,13.6641221374046,0,161.6,GENESEE RIVER AT WELLSVILLE NY,Ref,NorthEast,750.879,04,42.12229,-77.957225,NY,yes,yes,40,40,20,969,1,969,14.048,21.081,156,199,85,8e,APPALACHIAN HIGHLANDS,APPALACHIAN PLATEAUS,KANAWHA,8,"c(1472828.8002, 2264826.4566)"
04224775,2.91436687200548,2.24468792607803,0.227626116992814,0.204650190587357,0.770214603947025,17.2,1.14285714285714,jja,217.75,3.15123010130246,jja,Siliciclastic sedimentary rocks,1,NA,0,0,0.1338,-16.2436,4.05277044854881,1.10541757518229,0.464271332283629,0.974470885811249,0.478356013008625,22.7719865337669,56.4372796440437,16.719066379337,0,0,4.08939518491375,1.12964683189208,0.387613118562088,1.69849739132424,0.506242202340622,0.0228733072613498,0.105528620839752,3.6935017293913,11.25,1.90677966101695,79.15,10.9930555555556,0,164.4,CANASERAGA CREEK ABOVE DANSVILLE NY,Ref,NorthEast,231.8445,04,42.535623,-77.704161,NY,yes,yes,35,35,20,972,1,972,7.84,23.26,148,165,83,8c,APPALACHIAN HIGHLANDS,APPALACHIAN PLATEAUS,SOUTHERN NEW YORK,8,"c(1484389.3112, 2314139.2404)"
04233000,2.87041615331964,2.24479438740589,0.237510791146035,0.169532329377697,0.782044925719142,18.8,1.13595166163142,jja,226,3.23319027181688,jja,Siliciclastic sedimentary rocks,0.833838325747043,Mixed sedimentary rocks,0.166161674252957,0,0.1204,-16.4933,3.00657894736842,1.18022534445007,0.465470037187939,0.911514990813116,0.507032728565422,21.2127388032943,55.8347858522622,17.7293859004082,0,0,5.27857235465983,1.17188661561043,0.408263663878544,1.65217036070266,0.553733826318111,1.13611697254504,0.125124102982365,3.46087944419308,6.05,1.77941176470588,63.75,8.61486486486486,0,167.05,CAYUGA INLET NEAR ITHACA NY,Ref,NorthEast,91.8999,04,42.393129,-76.544943,NY,yes,yes,72,60,20,978,1,978,7.84,23.26,148,165,83,8c,APPALACHIAN HIGHLANDS,APPALACHIAN PLATEAUS,SOUTHERN NEW YORK,8,"c(1580400.6724, 2317214.1816)"
